Screen,Control Label,Control Type,Expected Behavior,Observed Behavior / Evidence,Result,Severity,Recommended Fix
Mission Control,🏠 Mission Control,button,"Reachable, produces the labelled action, gives visible feedback",Enumerated live from the rendered DOM on Mission Control; not individually clicked during this audit pass (time-boxed to the workflows and controls listed in FULL_UI_UX_AUDIT_REPORT.md).,NOT INDEPENDENTLY VERIFIED,—,—
Mission Control,🏭 Today's Production,button,"Reachable, produces the labelled action, gives visible feedback",NAV-001: stays highlighted simultaneously with '✨ ออกแบบให้ฉันวันนี้' on every screen — unclear which section is actually active.,CONFUSING,P2,See FULL_UI_UX_AUDIT_REPORT.md remediation plan
Mission Control,✨ ออกแบบให้ฉันวันนี้,button,"Reachable, produces the labelled action, gives visible feedback",NAV-001: highlighted active at the same time as another nav button on every screen visited.,CONFUSING,P2,See FULL_UI_UX_AUDIT_REPORT.md remediation plan
Mission Control,+ โปรเจกต์ใหม่,button,"Reachable, produces the labelled action, gives visible feedback",Enumerated live from the rendered DOM on Mission Control; not individually clicked during this audit pass (time-boxed to the workflows and controls listed in FULL_UI_UX_AUDIT_REPORT.md).,NOT INDEPENDENTLY VERIFIED,—,—
Mission Control,📊 Overview,button,"Reachable, produces the labelled action, gives visible feedback",Enumerated live from the rendered DOM on Mission Control; not individually clicked during this audit pass (time-boxed to the workflows and controls listed in FULL_UI_UX_AUDIT_REPORT.md).,NOT INDEPENDENTLY VERIFIED,—,—
Mission Control,🎨 Pattern Studio,button,"Reachable, produces the labelled action, gives visible feedback",Enumerated live from the rendered DOM on Mission Control; not individually clicked during this audit pass (time-boxed to the workflows and controls listed in FULL_UI_UX_AUDIT_REPORT.md).,NOT INDEPENDENTLY VERIFIED,—,—
Mission Control,📂 Portfolio,button,"Reachable, produces the labelled action, gives visible feedback",Enumerated live from the rendered DOM on Mission Control; not individually clicked during this audit pass (time-boxed to the workflows and controls listed in FULL_UI_UX_AUDIT_REPORT.md).,NOT INDEPENDENTLY VERIFIED,—,—
Mission Control,💾 Backup,button,"Reachable, produces the labelled action, gives visible feedback",Enumerated live from the rendered DOM on Mission Control; not individually clicked during this audit pass (time-boxed to the workflows and controls listed in FULL_UI_UX_AUDIT_REPORT.md).,NOT INDEPENDENTLY VERIFIED,—,—
Mission Control,📈 AI Market Advisor,button,"Reachable, produces the labelled action, gives visible feedback",Enumerated live from the rendered DOM on Mission Control; not individually clicked during this audit pass (time-boxed to the workflows and controls listed in FULL_UI_UX_AUDIT_REPORT.md).,NOT INDEPENDENTLY VERIFIED,—,—
Mission Control,🎨 AI Design Director,button,"Reachable, produces the labelled action, gives visible feedback",Enumerated live from the rendered DOM on Mission Control; not individually clicked during this audit pass (time-boxed to the workflows and controls listed in FULL_UI_UX_AUDIT_REPORT.md).,NOT INDEPENDENTLY VERIFIED,—,—
Mission Control,⚙️ Advanced Mode,button,"Reachable, produces the labelled action, gives visible feedback",Enumerated live from the rendered DOM on Mission Control; not individually clicked during this audit pass (time-boxed to the workflows and controls listed in FULL_UI_UX_AUDIT_REPORT.md).,NOT INDEPENDENTLY VERIFIED,—,—
Mission Control,Start Today's Mission,button,"Reachable, produces the labelled action, gives visible feedback",Enumerated live from the rendered DOM on Mission Control; not individually clicked during this audit pass (time-boxed to the workflows and controls listed in FULL_UI_UX_AUDIT_REPORT.md).,NOT INDEPENDENTLY VERIFIED,—,—
Mission Control,Adjust Goal,button,"Reachable, produces the labelled action, gives visible feedback",Enumerated live from the rendered DOM on Mission Control; not individually clicked during this audit pass (time-boxed to the workflows and controls listed in FULL_UI_UX_AUDIT_REPORT.md).,NOT INDEPENDENTLY VERIFIED,—,—
Mission Control,View Explanation,button,"Reachable, produces the labelled action, gives visible feedback",Enumerated live from the rendered DOM on Mission Control; not individually clicked during this audit pass (time-boxed to the workflows and controls listed in FULL_UI_UX_AUDIT_REPORT.md).,NOT INDEPENDENTLY VERIFIED,—,—
Mission Control,✨ Start Today's Mission,button,"Reachable, produces the labelled action, gives visible feedback",Enumerated live from the rendered DOM on Mission Control; not individually clicked during this audit pass (time-boxed to the workflows and controls listed in FULL_UI_UX_AUDIT_REPORT.md).,NOT INDEPENDENTLY VERIFIED,—,—
Mission Control,Start,button,"Reachable, produces the labelled action, gives visible feedback",Enumerated live from the rendered DOM on Mission Control; not individually clicked during this audit pass (time-boxed to the workflows and controls listed in FULL_UI_UX_AUDIT_REPORT.md).,NOT INDEPENDENTLY VERIFIED,—,—
Mission Control,Ask AI,button,"Reachable, produces the labelled action, gives visible feedback",Enumerated live from the rendered DOM on Mission Control; not individually clicked during this audit pass (time-boxed to the workflows and controls listed in FULL_UI_UX_AUDIT_REPORT.md).,NOT INDEPENDENTLY VERIFIED,—,—
Mission Control,Earn Fasterเร่งสร้างรายได้,button,"Reachable, produces the labelled action, gives visible feedback",Enumerated live from the rendered DOM on Mission Control; not individually clicked during this audit pass (time-boxed to the workflows and controls listed in FULL_UI_UX_AUDIT_REPORT.md).,NOT INDEPENDENTLY VERIFIED,—,—
Mission Control,Grow Portfolioขยาย Portfolio,button,"Reachable, produces the labelled action, gives visible feedback",Enumerated live from the rendered DOM on Mission Control; not individually clicked during this audit pass (time-boxed to the workflows and controls listed in FULL_UI_UX_AUDIT_REPORT.md).,NOT INDEPENDENTLY VERIFIED,—,—
Mission Control,Seasonal Collectionคอลเลกชันตามฤดูกาล,button,"Reachable, produces the labelled action, gives visible feedback",Enumerated live from the rendered DOM on Mission Control; not individually clicked during this audit pass (time-boxed to the workflows and controls listed in FULL_UI_UX_AUDIT_REPORT.md).,NOT INDEPENDENTLY VERIFIED,—,—
Mission Control,Fill Portfolio Gapsเติมหมวดที่ยังขาด,button,"Reachable, produces the labelled action, gives visible feedback",Enumerated live from the rendered DOM on Mission Control; not individually clicked during this audit pass (time-boxed to the workflows and controls listed in FULL_UI_UX_AUDIT_REPORT.md).,NOT INDEPENDENTLY VERIFIED,—,—
Mission Control,Evergreen Incomeรายได้แนวไม่มีฤดูกาล,button,"Reachable, produces the labelled action, gives visible feedback",Enumerated live from the rendered DOM on Mission Control; not individually clicked during this audit pass (time-boxed to the workflows and controls listed in FULL_UI_UX_AUDIT_REPORT.md).,NOT INDEPENDENTLY VERIFIED,—,—
Mission Control,Expand Adobe Stockขยายพอร์ต Adobe Stock,button,"Reachable, produces the labelled action, gives visible feedback",Enumerated live from the rendered DOM on Mission Control; not individually clicked during this audit pass (time-boxed to the workflows and controls listed in FULL_UI_UX_AUDIT_REPORT.md).,NOT INDEPENDENTLY VERIFIED,—,—
Mission Control,Expand Shutterstockขยายพอร์ต Shutterstock,button,"Reachable, produces the labelled action, gives visible feedback",Enumerated live from the rendered DOM on Mission Control; not individually clicked during this audit pass (time-boxed to the workflows and controls listed in FULL_UI_UX_AUDIT_REPORT.md).,NOT INDEPENDENTLY VERIFIED,—,—
Mission Control,Expand Etsyขยายพอร์ต Etsy,button,"Reachable, produces the labelled action, gives visible feedback",Enumerated live from the rendered DOM on Mission Control; not individually clicked during this audit pass (time-boxed to the workflows and controls listed in FULL_UI_UX_AUDIT_REPORT.md).,NOT INDEPENDENTLY VERIFIED,—,—
Mission Control,Use Today's Recommendationใช้คำแนะนำวันนี้,button,"Reachable, produces the labelled action, gives visible feedback",Enumerated live from the rendered DOM on Mission Control; not individually clicked during this audit pass (time-boxed to the workflows and controls listed in FULL_UI_UX_AUDIT_REPORT.md).,NOT INDEPENDENTLY VERIFIED,—,—
Mission Control,AI Chooses Everythingให้ AI ตัดสินใจทุกอย่าง,button,"Reachable, produces the labelled action, gives visible feedback",Enumerated live from the rendered DOM on Mission Control; not individually clicked during this audit pass (time-boxed to the workflows and controls listed in FULL_UI_UX_AUDIT_REPORT.md).,NOT INDEPENDENTLY VERIFIED,—,—
Mission Control,Why?,button,"Reachable, produces the labelled action, gives visible feedback",Enumerated live from the rendered DOM on Mission Control; not individually clicked during this audit pass (time-boxed to the workflows and controls listed in FULL_UI_UX_AUDIT_REPORT.md).,NOT INDEPENDENTLY VERIFIED,—,—
Mission Control,Re-run Diagnosis,button,"Reachable, produces the labelled action, gives visible feedback",Enumerated live from the rendered DOM on Mission Control; not individually clicked during this audit pass (time-boxed to the workflows and controls listed in FULL_UI_UX_AUDIT_REPORT.md).,NOT INDEPENDENTLY VERIFIED,—,—
Mission Control,Add Goal,button,"Reachable, produces the labelled action, gives visible feedback",Enumerated live from the rendered DOM on Mission Control; not individually clicked during this audit pass (time-boxed to the workflows and controls listed in FULL_UI_UX_AUDIT_REPORT.md).,NOT INDEPENDENTLY VERIFIED,—,—
Mission Control,Send,button,"Reachable, produces the labelled action, gives visible feedback",Enumerated live from the rendered DOM on Mission Control; not individually clicked during this audit pass (time-boxed to the workflows and controls listed in FULL_UI_UX_AUDIT_REPORT.md).,NOT INDEPENDENTLY VERIFIED,—,—
Mission Control,📖 คู่มือการใช้งาน,link,"Reachable, produces the labelled action, gives visible feedback",Enumerated live from the rendered DOM on Mission Control; not individually clicked during this audit pass (time-boxed to the workflows and controls listed in FULL_UI_UX_AUDIT_REPORT.md).,NOT INDEPENDENTLY VERIFIED,—,—
Today's Production,🏠 Mission Control,button,"Reachable, produces the labelled action, gives visible feedback",Enumerated live from the rendered DOM on Today's Production; not individually clicked during this audit pass (time-boxed to the workflows and controls listed in FULL_UI_UX_AUDIT_REPORT.md).,NOT INDEPENDENTLY VERIFIED,—,—
Today's Production,🏭 Today's Production,button,"Reachable, produces the labelled action, gives visible feedback",Enumerated live from the rendered DOM on Today's Production; not individually clicked during this audit pass (time-boxed to the workflows and controls listed in FULL_UI_UX_AUDIT_REPORT.md).,NOT INDEPENDENTLY VERIFIED,—,—
Today's Production,✨ ออกแบบให้ฉันวันนี้,button,"Reachable, produces the labelled action, gives visible feedback",Enumerated live from the rendered DOM on Today's Production; not individually clicked during this audit pass (time-boxed to the workflows and controls listed in FULL_UI_UX_AUDIT_REPORT.md).,NOT INDEPENDENTLY VERIFIED,—,—
Today's Production,+ โปรเจกต์ใหม่,button,"Reachable, produces the labelled action, gives visible feedback",Enumerated live from the rendered DOM on Today's Production; not individually clicked during this audit pass (time-boxed to the workflows and controls listed in FULL_UI_UX_AUDIT_REPORT.md).,NOT INDEPENDENTLY VERIFIED,—,—
Today's Production,📊 Overview,button,"Reachable, produces the labelled action, gives visible feedback",Enumerated live from the rendered DOM on Today's Production; not individually clicked during this audit pass (time-boxed to the workflows and controls listed in FULL_UI_UX_AUDIT_REPORT.md).,NOT INDEPENDENTLY VERIFIED,—,—
Today's Production,🎨 Pattern Studio,button,"Reachable, produces the labelled action, gives visible feedback",Enumerated live from the rendered DOM on Today's Production; not individually clicked during this audit pass (time-boxed to the workflows and controls listed in FULL_UI_UX_AUDIT_REPORT.md).,NOT INDEPENDENTLY VERIFIED,—,—
Today's Production,📂 Portfolio,button,"Reachable, produces the labelled action, gives visible feedback",Enumerated live from the rendered DOM on Today's Production; not individually clicked during this audit pass (time-boxed to the workflows and controls listed in FULL_UI_UX_AUDIT_REPORT.md).,NOT INDEPENDENTLY VERIFIED,—,—
Today's Production,💾 Backup,button,"Reachable, produces the labelled action, gives visible feedback",Enumerated live from the rendered DOM on Today's Production; not individually clicked during this audit pass (time-boxed to the workflows and controls listed in FULL_UI_UX_AUDIT_REPORT.md).,NOT INDEPENDENTLY VERIFIED,—,—
Today's Production,📈 AI Market Advisor,button,"Reachable, produces the labelled action, gives visible feedback",Enumerated live from the rendered DOM on Today's Production; not individually clicked during this audit pass (time-boxed to the workflows and controls listed in FULL_UI_UX_AUDIT_REPORT.md).,NOT INDEPENDENTLY VERIFIED,—,—
Today's Production,🎨 AI Design Director,button,"Reachable, produces the labelled action, gives visible feedback",Enumerated live from the rendered DOM on Today's Production; not individually clicked during this audit pass (time-boxed to the workflows and controls listed in FULL_UI_UX_AUDIT_REPORT.md).,NOT INDEPENDENTLY VERIFIED,—,—
Today's Production,⚙️ Advanced Mode,button,"Reachable, produces the labelled action, gives visible feedback",Enumerated live from the rendered DOM on Today's Production; not individually clicked during this audit pass (time-boxed to the workflows and controls listed in FULL_UI_UX_AUDIT_REPORT.md).,NOT INDEPENDENTLY VERIFIED,—,—
Today's Production,← Back,button,"Reachable, produces the labelled action, gives visible feedback",Enumerated live from the rendered DOM on Today's Production; not individually clicked during this audit pass (time-boxed to the workflows and controls listed in FULL_UI_UX_AUDIT_REPORT.md).,NOT INDEPENDENTLY VERIFIED,—,—
Today's Production,Home,button,"Reachable, produces the labelled action, gives visible feedback",Enumerated live from the rendered DOM on Today's Production; not individually clicked during this audit pass (time-boxed to the workflows and controls listed in FULL_UI_UX_AUDIT_REPORT.md).,NOT INDEPENDENTLY VERIFIED,—,—
Today's Production,Progress,button,"Reachable, produces the labelled action, gives visible feedback",Shows real Production Progress stepper; correctly reflects Running/Packaging/Completed states.,PASS,P3,—
Today's Production,Review ,button,"Reachable, produces the labelled action, gives visible feedback",Enumerated live from the rendered DOM on Today's Production; not individually clicked during this audit pass (time-boxed to the workflows and controls listed in FULL_UI_UX_AUDIT_REPORT.md).,NOT INDEPENDENTLY VERIFIED,—,—
Today's Production,Export ,button,"Reachable, produces the labelled action, gives visible feedback",Export Readiness Dashboard shows 0 Ready / 11 Blocked immediately after a completed Factory run — every freshly generated asset is blocked from commercial export. See BUG-001.,CONFUSING,P0,See FULL_UI_UX_AUDIT_REPORT.md remediation plan
Today's Production,Dashboard,button,"Reachable, produces the labelled action, gives visible feedback",Enumerated live from the rendered DOM on Today's Production; not individually clicked during this audit pass (time-boxed to the workflows and controls listed in FULL_UI_UX_AUDIT_REPORT.md).,NOT INDEPENDENTLY VERIFIED,—,—
Today's Production,▶ START FACTORY,button,"Reachable, produces the labelled action, gives visible feedback","Starts a real Factory session; verified online, offline, and mid-interrupt (Workflow A/B/E).",PASS,P3,—
Today's Production,📖 คู่มือการใช้งาน,link,"Reachable, produces the labelled action, gives visible feedback",Enumerated live from the rendered DOM on Today's Production; not individually clicked during this audit pass (time-boxed to the workflows and controls listed in FULL_UI_UX_AUDIT_REPORT.md).,NOT INDEPENDENTLY VERIFIED,—,—
Today's Production,Progress,button (disabled),Disabled state should be explained (title/aria-label) or the reason should be visible nearby,"No title/aria-label found on sampled disabled controls during accessibility pass — reason for disablement is usually only inferable from surrounding text, not from the control itself.",MISSING FEEDBACK,P3,Add title/aria-label explaining why the control is disabled.
Design for Me Today,🏠 Mission Control,button,"Reachable, produces the labelled action, gives visible feedback",Enumerated live from the rendered DOM on Design for Me Today; not individually clicked during this audit pass (time-boxed to the workflows and controls listed in FULL_UI_UX_AUDIT_REPORT.md).,NOT INDEPENDENTLY VERIFIED,—,—
Design for Me Today,🏭 Today's Production,button,"Reachable, produces the labelled action, gives visible feedback",Enumerated live from the rendered DOM on Design for Me Today; not individually clicked during this audit pass (time-boxed to the workflows and controls listed in FULL_UI_UX_AUDIT_REPORT.md).,NOT INDEPENDENTLY VERIFIED,—,—
Design for Me Today,✨ ออกแบบให้ฉันวันนี้,button,"Reachable, produces the labelled action, gives visible feedback",Enumerated live from the rendered DOM on Design for Me Today; not individually clicked during this audit pass (time-boxed to the workflows and controls listed in FULL_UI_UX_AUDIT_REPORT.md).,NOT INDEPENDENTLY VERIFIED,—,—
Design for Me Today,+ โปรเจกต์ใหม่,button,"Reachable, produces the labelled action, gives visible feedback",Enumerated live from the rendered DOM on Design for Me Today; not individually clicked during this audit pass (time-boxed to the workflows and controls listed in FULL_UI_UX_AUDIT_REPORT.md).,NOT INDEPENDENTLY VERIFIED,—,—
Design for Me Today,📊 Overview,button,"Reachable, produces the labelled action, gives visible feedback",Enumerated live from the rendered DOM on Design for Me Today; not individually clicked during this audit pass (time-boxed to the workflows and controls listed in FULL_UI_UX_AUDIT_REPORT.md).,NOT INDEPENDENTLY VERIFIED,—,—
Design for Me Today,🎨 Pattern Studio,button,"Reachable, produces the labelled action, gives visible feedback",Enumerated live from the rendered DOM on Design for Me Today; not individually clicked during this audit pass (time-boxed to the workflows and controls listed in FULL_UI_UX_AUDIT_REPORT.md).,NOT INDEPENDENTLY VERIFIED,—,—
Design for Me Today,📂 Portfolio,button,"Reachable, produces the labelled action, gives visible feedback",Enumerated live from the rendered DOM on Design for Me Today; not individually clicked during this audit pass (time-boxed to the workflows and controls listed in FULL_UI_UX_AUDIT_REPORT.md).,NOT INDEPENDENTLY VERIFIED,—,—
Design for Me Today,💾 Backup,button,"Reachable, produces the labelled action, gives visible feedback",Enumerated live from the rendered DOM on Design for Me Today; not individually clicked during this audit pass (time-boxed to the workflows and controls listed in FULL_UI_UX_AUDIT_REPORT.md).,NOT INDEPENDENTLY VERIFIED,—,—
Design for Me Today,📈 AI Market Advisor,button,"Reachable, produces the labelled action, gives visible feedback",Enumerated live from the rendered DOM on Design for Me Today; not individually clicked during this audit pass (time-boxed to the workflows and controls listed in FULL_UI_UX_AUDIT_REPORT.md).,NOT INDEPENDENTLY VERIFIED,—,—
Design for Me Today,🎨 AI Design Director,button,"Reachable, produces the labelled action, gives visible feedback",Enumerated live from the rendered DOM on Design for Me Today; not individually clicked during this audit pass (time-boxed to the workflows and controls listed in FULL_UI_UX_AUDIT_REPORT.md).,NOT INDEPENDENTLY VERIFIED,—,—
Design for Me Today,⚙️ Advanced Mode,button,"Reachable, produces the labelled action, gives visible feedback",Enumerated live from the rendered DOM on Design for Me Today; not individually clicked during this audit pass (time-boxed to the workflows and controls listed in FULL_UI_UX_AUDIT_REPORT.md).,NOT INDEPENDENTLY VERIFIED,—,—
Design for Me Today,📜 ประวัติ,button,"Reachable, produces the labelled action, gives visible feedback",Enumerated live from the rendered DOM on Design for Me Today; not individually clicked during this audit pass (time-boxed to the workflows and controls listed in FULL_UI_UX_AUDIT_REPORT.md).,NOT INDEPENDENTLY VERIFIED,—,—
Design for Me Today,← กลับ,button,"Reachable, produces the labelled action, gives visible feedback",Enumerated live from the rendered DOM on Design for Me Today; not individually clicked during this audit pass (time-boxed to the workflows and controls listed in FULL_UI_UX_AUDIT_REPORT.md).,NOT INDEPENDENTLY VERIFIED,—,—
Design for Me Today,สร้าง 5 ลาย,button,"Reachable, produces the labelled action, gives visible feedback",Enumerated live from the rendered DOM on Design for Me Today; not individually clicked during this audit pass (time-boxed to the workflows and controls listed in FULL_UI_UX_AUDIT_REPORT.md).,NOT INDEPENDENTLY VERIFIED,—,—
Design for Me Today,สร้าง 10 ลาย,button,"Reachable, produces the labelled action, gives visible feedback",Enumerated live from the rendered DOM on Design for Me Today; not individually clicked during this audit pass (time-boxed to the workflows and controls listed in FULL_UI_UX_AUDIT_REPORT.md).,NOT INDEPENDENTLY VERIFIED,—,—
Design for Me Today,สร้าง Collection 20 ลาย,button,"Reachable, produces the labelled action, gives visible feedback",Enumerated live from the rendered DOM on Design for Me Today; not individually clicked during this audit pass (time-boxed to the workflows and controls listed in FULL_UI_UX_AUDIT_REPORT.md).,NOT INDEPENDENTLY VERIFIED,—,—
Design for Me Today,ใช้คำแนะนำของนักการตลาดวันนี้,button,"Reachable, produces the labelled action, gives visible feedback",Enumerated live from the rendered DOM on Design for Me Today; not individually clicked during this audit pass (time-boxed to the workflows and controls listed in FULL_UI_UX_AUDIT_REPORT.md).,NOT INDEPENDENTLY VERIFIED,—,—
Design for Me Today,เติมหมวดที่ Portfolio ยังขาด,button,"Reachable, produces the labelled action, gives visible feedback",Enumerated live from the rendered DOM on Design for Me Today; not individually clicked during this audit pass (time-boxed to the workflows and controls listed in FULL_UI_UX_AUDIT_REPORT.md).,NOT INDEPENDENTLY VERIFIED,—,—
Design for Me Today,สร้างแผนการออกแบบ →,button,"Reachable, produces the labelled action, gives visible feedback",Enumerated live from the rendered DOM on Design for Me Today; not individually clicked during this audit pass (time-boxed to the workflows and controls listed in FULL_UI_UX_AUDIT_REPORT.md).,NOT INDEPENDENTLY VERIFIED,—,—
Design for Me Today,📖 คู่มือการใช้งาน,link,"Reachable, produces the labelled action, gives visible feedback",Enumerated live from the rendered DOM on Design for Me Today; not individually clicked during this audit pass (time-boxed to the workflows and controls listed in FULL_UI_UX_AUDIT_REPORT.md).,NOT INDEPENDENTLY VERIFIED,—,—
Overview / Project Dashboard,🏠 Mission Control,button,"Reachable, produces the labelled action, gives visible feedback",Enumerated live from the rendered DOM on Overview / Project Dashboard; not individually clicked during this audit pass (time-boxed to the workflows and controls listed in FULL_UI_UX_AUDIT_REPORT.md).,NOT INDEPENDENTLY VERIFIED,—,—
Overview / Project Dashboard,🏭 Today's Production,button,"Reachable, produces the labelled action, gives visible feedback",Enumerated live from the rendered DOM on Overview / Project Dashboard; not individually clicked during this audit pass (time-boxed to the workflows and controls listed in FULL_UI_UX_AUDIT_REPORT.md).,NOT INDEPENDENTLY VERIFIED,—,—
Overview / Project Dashboard,✨ ออกแบบให้ฉันวันนี้,button,"Reachable, produces the labelled action, gives visible feedback",Enumerated live from the rendered DOM on Overview / Project Dashboard; not individually clicked during this audit pass (time-boxed to the workflows and controls listed in FULL_UI_UX_AUDIT_REPORT.md).,NOT INDEPENDENTLY VERIFIED,—,—
Overview / Project Dashboard,+ โปรเจกต์ใหม่,button,"Reachable, produces the labelled action, gives visible feedback",Enumerated live from the rendered DOM on Overview / Project Dashboard; not individually clicked during this audit pass (time-boxed to the workflows and controls listed in FULL_UI_UX_AUDIT_REPORT.md).,NOT INDEPENDENTLY VERIFIED,—,—
Overview / Project Dashboard,📊 Overview,button,"Reachable, produces the labelled action, gives visible feedback",Enumerated live from the rendered DOM on Overview / Project Dashboard; not individually clicked during this audit pass (time-boxed to the workflows and controls listed in FULL_UI_UX_AUDIT_REPORT.md).,NOT INDEPENDENTLY VERIFIED,—,—
Overview / Project Dashboard,🎨 Pattern Studio,button,"Reachable, produces the labelled action, gives visible feedback",Enumerated live from the rendered DOM on Overview / Project Dashboard; not individually clicked during this audit pass (time-boxed to the workflows and controls listed in FULL_UI_UX_AUDIT_REPORT.md).,NOT INDEPENDENTLY VERIFIED,—,—
Overview / Project Dashboard,📂 Portfolio,button,"Reachable, produces the labelled action, gives visible feedback",Enumerated live from the rendered DOM on Overview / Project Dashboard; not individually clicked during this audit pass (time-boxed to the workflows and controls listed in FULL_UI_UX_AUDIT_REPORT.md).,NOT INDEPENDENTLY VERIFIED,—,—
Overview / Project Dashboard,💾 Backup,button,"Reachable, produces the labelled action, gives visible feedback",Enumerated live from the rendered DOM on Overview / Project Dashboard; not individually clicked during this audit pass (time-boxed to the workflows and controls listed in FULL_UI_UX_AUDIT_REPORT.md).,NOT INDEPENDENTLY VERIFIED,—,—
Overview / Project Dashboard,📈 AI Market Advisor,button,"Reachable, produces the labelled action, gives visible feedback",Enumerated live from the rendered DOM on Overview / Project Dashboard; not individually clicked during this audit pass (time-boxed to the workflows and controls listed in FULL_UI_UX_AUDIT_REPORT.md).,NOT INDEPENDENTLY VERIFIED,—,—
Overview / Project Dashboard,🎨 AI Design Director,button,"Reachable, produces the labelled action, gives visible feedback",Enumerated live from the rendered DOM on Overview / Project Dashboard; not individually clicked during this audit pass (time-boxed to the workflows and controls listed in FULL_UI_UX_AUDIT_REPORT.md).,NOT INDEPENDENTLY VERIFIED,—,—
Overview / Project Dashboard,⚙️ Advanced Mode,button,"Reachable, produces the labelled action, gives visible feedback",Enumerated live from the rendered DOM on Overview / Project Dashboard; not individually clicked during this audit pass (time-boxed to the workflows and controls listed in FULL_UI_UX_AUDIT_REPORT.md).,NOT INDEPENDENTLY VERIFIED,—,—
Overview / Project Dashboard,📥 นำเข้า Project JSON,button,"Reachable, produces the labelled action, gives visible feedback",Enumerated live from the rendered DOM on Overview / Project Dashboard; not individually clicked during this audit pass (time-boxed to the workflows and controls listed in FULL_UI_UX_AUDIT_REPORT.md).,NOT INDEPENDENTLY VERIFIED,—,—
Overview / Project Dashboard,← กลับหน้าสร้างลาย,button,"Reachable, produces the labelled action, gives visible feedback",Enumerated live from the rendered DOM on Overview / Project Dashboard; not individually clicked during this audit pass (time-boxed to the workflows and controls listed in FULL_UI_UX_AUDIT_REPORT.md).,NOT INDEPENDENTLY VERIFIED,—,—
Overview / Project Dashboard,☆,button,"Reachable, produces the labelled action, gives visible feedback",Enumerated live from the rendered DOM on Overview / Project Dashboard; not individually clicked during this audit pass (time-boxed to the workflows and controls listed in FULL_UI_UX_AUDIT_REPORT.md).,NOT INDEPENDENTLY VERIFIED,—,—
Overview / Project Dashboard,เปิด,button,"Reachable, produces the labelled action, gives visible feedback",Enumerated live from the rendered DOM on Overview / Project Dashboard; not individually clicked during this audit pass (time-boxed to the workflows and controls listed in FULL_UI_UX_AUDIT_REPORT.md).,NOT INDEPENDENTLY VERIFIED,—,—
Overview / Project Dashboard,ทำสำเนา,button,"Reachable, produces the labelled action, gives visible feedback",Enumerated live from the rendered DOM on Overview / Project Dashboard; not individually clicked during this audit pass (time-boxed to the workflows and controls listed in FULL_UI_UX_AUDIT_REPORT.md).,NOT INDEPENDENTLY VERIFIED,—,—
Overview / Project Dashboard,เปลี่ยนชื่อ,button,"Reachable, produces the labelled action, gives visible feedback",Enumerated live from the rendered DOM on Overview / Project Dashboard; not individually clicked during this audit pass (time-boxed to the workflows and controls listed in FULL_UI_UX_AUDIT_REPORT.md).,NOT INDEPENDENTLY VERIFIED,—,—
Overview / Project Dashboard,Export JSON,button,"Reachable, produces the labelled action, gives visible feedback",Enumerated live from the rendered DOM on Overview / Project Dashboard; not individually clicked during this audit pass (time-boxed to the workflows and controls listed in FULL_UI_UX_AUDIT_REPORT.md).,NOT INDEPENDENTLY VERIFIED,—,—
Overview / Project Dashboard,Archive,button,"Reachable, produces the labelled action, gives visible feedback",Enumerated live from the rendered DOM on Overview / Project Dashboard; not individually clicked during this audit pass (time-boxed to the workflows and controls listed in FULL_UI_UX_AUDIT_REPORT.md).,NOT INDEPENDENTLY VERIFIED,—,—
Overview / Project Dashboard,ลบ,button,"Reachable, produces the labelled action, gives visible feedback",Enumerated live from the rendered DOM on Overview / Project Dashboard; not individually clicked during this audit pass (time-boxed to the workflows and controls listed in FULL_UI_UX_AUDIT_REPORT.md).,NOT INDEPENDENTLY VERIFIED,—,—
Overview / Project Dashboard,📖 คู่มือการใช้งาน,link,"Reachable, produces the labelled action, gives visible feedback",Enumerated live from the rendered DOM on Overview / Project Dashboard; not individually clicked during this audit pass (time-boxed to the workflows and controls listed in FULL_UI_UX_AUDIT_REPORT.md).,NOT INDEPENDENTLY VERIFIED,—,—
Pattern Studio (Design Workbench),🏠 Mission Control,button,"Reachable, produces the labelled action, gives visible feedback",Enumerated live from the rendered DOM on Pattern Studio (Design Workbench); not individually clicked during this audit pass (time-boxed to the workflows and controls listed in FULL_UI_UX_AUDIT_REPORT.md).,NOT INDEPENDENTLY VERIFIED,—,—
Pattern Studio (Design Workbench),🏭 Today's Production,button,"Reachable, produces the labelled action, gives visible feedback",Enumerated live from the rendered DOM on Pattern Studio (Design Workbench); not individually clicked during this audit pass (time-boxed to the workflows and controls listed in FULL_UI_UX_AUDIT_REPORT.md).,NOT INDEPENDENTLY VERIFIED,—,—
Pattern Studio (Design Workbench),✨ ออกแบบให้ฉันวันนี้,button,"Reachable, produces the labelled action, gives visible feedback",Enumerated live from the rendered DOM on Pattern Studio (Design Workbench); not individually clicked during this audit pass (time-boxed to the workflows and controls listed in FULL_UI_UX_AUDIT_REPORT.md).,NOT INDEPENDENTLY VERIFIED,—,—
Pattern Studio (Design Workbench),+ โปรเจกต์ใหม่,button,"Reachable, produces the labelled action, gives visible feedback",Enumerated live from the rendered DOM on Pattern Studio (Design Workbench); not individually clicked during this audit pass (time-boxed to the workflows and controls listed in FULL_UI_UX_AUDIT_REPORT.md).,NOT INDEPENDENTLY VERIFIED,—,—
Pattern Studio (Design Workbench),📊 Overview,button,"Reachable, produces the labelled action, gives visible feedback",Enumerated live from the rendered DOM on Pattern Studio (Design Workbench); not individually clicked during this audit pass (time-boxed to the workflows and controls listed in FULL_UI_UX_AUDIT_REPORT.md).,NOT INDEPENDENTLY VERIFIED,—,—
Pattern Studio (Design Workbench),🎨 Pattern Studio,button,"Reachable, produces the labelled action, gives visible feedback",Enumerated live from the rendered DOM on Pattern Studio (Design Workbench); not individually clicked during this audit pass (time-boxed to the workflows and controls listed in FULL_UI_UX_AUDIT_REPORT.md).,NOT INDEPENDENTLY VERIFIED,—,—
Pattern Studio (Design Workbench),📂 Portfolio,button,"Reachable, produces the labelled action, gives visible feedback",Enumerated live from the rendered DOM on Pattern Studio (Design Workbench); not individually clicked during this audit pass (time-boxed to the workflows and controls listed in FULL_UI_UX_AUDIT_REPORT.md).,NOT INDEPENDENTLY VERIFIED,—,—
Pattern Studio (Design Workbench),💾 Backup,button,"Reachable, produces the labelled action, gives visible feedback",Enumerated live from the rendered DOM on Pattern Studio (Design Workbench); not individually clicked during this audit pass (time-boxed to the workflows and controls listed in FULL_UI_UX_AUDIT_REPORT.md).,NOT INDEPENDENTLY VERIFIED,—,—
Pattern Studio (Design Workbench),📈 AI Market Advisor,button,"Reachable, produces the labelled action, gives visible feedback",Enumerated live from the rendered DOM on Pattern Studio (Design Workbench); not individually clicked during this audit pass (time-boxed to the workflows and controls listed in FULL_UI_UX_AUDIT_REPORT.md).,NOT INDEPENDENTLY VERIFIED,—,—
Pattern Studio (Design Workbench),🎨 AI Design Director,button,"Reachable, produces the labelled action, gives visible feedback",Enumerated live from the rendered DOM on Pattern Studio (Design Workbench); not individually clicked during this audit pass (time-boxed to the workflows and controls listed in FULL_UI_UX_AUDIT_REPORT.md).,NOT INDEPENDENTLY VERIFIED,—,—
Pattern Studio (Design Workbench),⚙️ Advanced Mode,button,"Reachable, produces the labelled action, gives visible feedback",Enumerated live from the rendered DOM on Pattern Studio (Design Workbench); not individually clicked during this audit pass (time-boxed to the workflows and controls listed in FULL_UI_UX_AUDIT_REPORT.md).,NOT INDEPENDENTLY VERIFIED,—,—
Pattern Studio (Design Workbench),☀️ Light,button,"Reachable, produces the labelled action, gives visible feedback",Enumerated live from the rendered DOM on Pattern Studio (Design Workbench); not individually clicked during this audit pass (time-boxed to the workflows and controls listed in FULL_UI_UX_AUDIT_REPORT.md).,NOT INDEPENDENTLY VERIFIED,—,—
Pattern Studio (Design Workbench),← Back to Editor,button,"Reachable, produces the labelled action, gives visible feedback",Enumerated live from the rendered DOM on Pattern Studio (Design Workbench); not individually clicked during this audit pass (time-boxed to the workflows and controls listed in FULL_UI_UX_AUDIT_REPORT.md).,NOT INDEPENDENTLY VERIFIED,—,—
Pattern Studio (Design Workbench),🗂 Explorer,button,"Reachable, produces the labelled action, gives visible feedback",Enumerated live from the rendered DOM on Pattern Studio (Design Workbench); not individually clicked during this audit pass (time-boxed to the workflows and controls listed in FULL_UI_UX_AUDIT_REPORT.md).,NOT INDEPENDENTLY VERIFIED,—,—
Pattern Studio (Design Workbench),⭐ Favorites,button,"Reachable, produces the labelled action, gives visible feedback",Enumerated live from the rendered DOM on Pattern Studio (Design Workbench); not individually clicked during this audit pass (time-boxed to the workflows and controls listed in FULL_UI_UX_AUDIT_REPORT.md).,NOT INDEPENDENTLY VERIFIED,—,—
Pattern Studio (Design Workbench),📂 Import/Export,button,"Reachable, produces the labelled action, gives visible feedback",Enumerated live from the rendered DOM on Pattern Studio (Design Workbench); not individually clicked during this audit pass (time-boxed to the workflows and controls listed in FULL_UI_UX_AUDIT_REPORT.md).,NOT INDEPENDENTLY VERIFIED,—,—
Pattern Studio (Design Workbench),💾 Project,button,"Reachable, produces the labelled action, gives visible feedback",Enumerated live from the rendered DOM on Pattern Studio (Design Workbench); not individually clicked during this audit pass (time-boxed to the workflows and controls listed in FULL_UI_UX_AUDIT_REPORT.md).,NOT INDEPENDENTLY VERIFIED,—,—
Pattern Studio (Design Workbench),⚙️ Inspector,button,"Reachable, produces the labelled action, gives visible feedback",Enumerated live from the rendered DOM on Pattern Studio (Design Workbench); not individually clicked during this audit pass (time-boxed to the workflows and controls listed in FULL_UI_UX_AUDIT_REPORT.md).,NOT INDEPENDENTLY VERIFIED,—,—
Pattern Studio (Design Workbench),🏬 Marketplace,button,"Reachable, produces the labelled action, gives visible feedback",Enumerated live from the rendered DOM on Pattern Studio (Design Workbench); not individually clicked during this audit pass (time-boxed to the workflows and controls listed in FULL_UI_UX_AUDIT_REPORT.md).,NOT INDEPENDENTLY VERIFIED,—,—
Pattern Studio (Design Workbench),🤖 Prompt,button,"Reachable, produces the labelled action, gives visible feedback",Enumerated live from the rendered DOM on Pattern Studio (Design Workbench); not individually clicked during this audit pass (time-boxed to the workflows and controls listed in FULL_UI_UX_AUDIT_REPORT.md).,NOT INDEPENDENTLY VERIFIED,—,—
Pattern Studio (Design Workbench),🎯 Quality,button,"Reachable, produces the labelled action, gives visible feedback",Enumerated live from the rendered DOM on Pattern Studio (Design Workbench); not individually clicked during this audit pass (time-boxed to the workflows and controls listed in FULL_UI_UX_AUDIT_REPORT.md).,NOT INDEPENDENTLY VERIFIED,—,—
Pattern Studio (Design Workbench),🖌 Critic,button,"Reachable, produces the labelled action, gives visible feedback",Enumerated live from the rendered DOM on Pattern Studio (Design Workbench); not individually clicked during this audit pass (time-boxed to the workflows and controls listed in FULL_UI_UX_AUDIT_REPORT.md).,NOT INDEPENDENTLY VERIFIED,—,—
Pattern Studio (Design Workbench),🧬 Evolution,button,"Reachable, produces the labelled action, gives visible feedback",Enumerated live from the rendered DOM on Pattern Studio (Design Workbench); not individually clicked during this audit pass (time-boxed to the workflows and controls listed in FULL_UI_UX_AUDIT_REPORT.md).,NOT INDEPENDENTLY VERIFIED,—,—
Pattern Studio (Design Workbench),🗃 Assets,button,"Reachable, produces the labelled action, gives visible feedback",Enumerated live from the rendered DOM on Pattern Studio (Design Workbench); not individually clicked during this audit pass (time-boxed to the workflows and controls listed in FULL_UI_UX_AUDIT_REPORT.md).,NOT INDEPENDENTLY VERIFIED,—,—
Pattern Studio (Design Workbench),✅ Validation,button,"Reachable, produces the labelled action, gives visible feedback",Enumerated live from the rendered DOM on Pattern Studio (Design Workbench); not individually clicked during this audit pass (time-boxed to the workflows and controls listed in FULL_UI_UX_AUDIT_REPORT.md).,NOT INDEPENDENTLY VERIFIED,—,—
Pattern Studio (Design Workbench),🖼 Live Preview,button,"Reachable, produces the labelled action, gives visible feedback",Enumerated live from the rendered DOM on Pattern Studio (Design Workbench); not individually clicked during this audit pass (time-boxed to the workflows and controls listed in FULL_UI_UX_AUDIT_REPORT.md).,NOT INDEPENDENTLY VERIFIED,—,—
Pattern Studio (Design Workbench),🕘 History,button,"Reachable, produces the labelled action, gives visible feedback",Enumerated live from the rendered DOM on Pattern Studio (Design Workbench); not individually clicked during this audit pass (time-boxed to the workflows and controls listed in FULL_UI_UX_AUDIT_REPORT.md).,NOT INDEPENDENTLY VERIFIED,—,—
Pattern Studio (Design Workbench),✨ Auto-match,button,"Reachable, produces the labelled action, gives visible feedback",Enumerated live from the rendered DOM on Pattern Studio (Design Workbench); not individually clicked during this audit pass (time-boxed to the workflows and controls listed in FULL_UI_UX_AUDIT_REPORT.md).,NOT INDEPENDENTLY VERIFIED,—,—
Pattern Studio (Design Workbench),2026 Q1 — Quiet Luxury Botanical,button,"Reachable, produces the labelled action, gives visible feedback",Enumerated live from the rendered DOM on Pattern Studio (Design Workbench); not individually clicked during this audit pass (time-boxed to the workflows and controls listed in FULL_UI_UX_AUDIT_REPORT.md).,NOT INDEPENDENTLY VERIFIED,—,—
Pattern Studio (Design Workbench),2026 Q2 — Modern Tropical Editorial,button,"Reachable, produces the labelled action, gives visible feedback",Enumerated live from the rendered DOM on Pattern Studio (Design Workbench); not individually clicked during this audit pass (time-boxed to the workflows and controls listed in FULL_UI_UX_AUDIT_REPORT.md).,NOT INDEPENDENTLY VERIFIED,—,—
Pattern Studio (Design Workbench),2026 Q3 — Vintage Herbarium,button,"Reachable, produces the labelled action, gives visible feedback",Enumerated live from the rendered DOM on Pattern Studio (Design Workbench); not individually clicked during this audit pass (time-boxed to the workflows and controls listed in FULL_UI_UX_AUDIT_REPORT.md).,NOT INDEPENDENTLY VERIFIED,—,—
Pattern Studio (Design Workbench),2026 Q4 — Dark Academia Maximalist,button,"Reachable, produces the labelled action, gives visible feedback",Enumerated live from the rendered DOM on Pattern Studio (Design Workbench); not individually clicked during this audit pass (time-boxed to the workflows and controls listed in FULL_UI_UX_AUDIT_REPORT.md).,NOT INDEPENDENTLY VERIFIED,—,—
Pattern Studio (Design Workbench),🧠 Generate Design Specification,button,"Reachable, produces the labelled action, gives visible feedback",Enumerated live from the rendered DOM on Pattern Studio (Design Workbench); not individually clicked during this audit pass (time-boxed to the workflows and controls listed in FULL_UI_UX_AUDIT_REPORT.md).,NOT INDEPENDENTLY VERIFIED,—,—
Pattern Studio (Design Workbench),☆,button,"Reachable, produces the labelled action, gives visible feedback",Enumerated live from the rendered DOM on Pattern Studio (Design Workbench); not individually clicked during this audit pass (time-boxed to the workflows and controls listed in FULL_UI_UX_AUDIT_REPORT.md).,NOT INDEPENDENTLY VERIFIED,—,—
Pattern Studio (Design Workbench),📖 คู่มือการใช้งาน,link,"Reachable, produces the labelled action, gives visible feedback",Enumerated live from the rendered DOM on Pattern Studio (Design Workbench); not individually clicked during this audit pass (time-boxed to the workflows and controls listed in FULL_UI_UX_AUDIT_REPORT.md).,NOT INDEPENDENTLY VERIFIED,—,—
Pattern Studio (Design Workbench),🗂 Explorer,tab,"Reachable, produces the labelled action, gives visible feedback",Enumerated live from the rendered DOM on Pattern Studio (Design Workbench); not individually clicked during this audit pass (time-boxed to the workflows and controls listed in FULL_UI_UX_AUDIT_REPORT.md).,NOT INDEPENDENTLY VERIFIED,—,—
Pattern Studio (Design Workbench),⭐ Favorites,tab,"Reachable, produces the labelled action, gives visible feedback",Enumerated live from the rendered DOM on Pattern Studio (Design Workbench); not individually clicked during this audit pass (time-boxed to the workflows and controls listed in FULL_UI_UX_AUDIT_REPORT.md).,NOT INDEPENDENTLY VERIFIED,—,—
Pattern Studio (Design Workbench),📂 Import/Export,tab,"Reachable, produces the labelled action, gives visible feedback",Enumerated live from the rendered DOM on Pattern Studio (Design Workbench); not individually clicked during this audit pass (time-boxed to the workflows and controls listed in FULL_UI_UX_AUDIT_REPORT.md).,NOT INDEPENDENTLY VERIFIED,—,—
Pattern Studio (Design Workbench),💾 Project,tab,"Reachable, produces the labelled action, gives visible feedback",Enumerated live from the rendered DOM on Pattern Studio (Design Workbench); not individually clicked during this audit pass (time-boxed to the workflows and controls listed in FULL_UI_UX_AUDIT_REPORT.md).,NOT INDEPENDENTLY VERIFIED,—,—
Pattern Studio (Design Workbench),⚙️ Inspector,tab,"Reachable, produces the labelled action, gives visible feedback",Enumerated live from the rendered DOM on Pattern Studio (Design Workbench); not individually clicked during this audit pass (time-boxed to the workflows and controls listed in FULL_UI_UX_AUDIT_REPORT.md).,NOT INDEPENDENTLY VERIFIED,—,—
Pattern Studio (Design Workbench),🏬 Marketplace,tab,"Reachable, produces the labelled action, gives visible feedback",Enumerated live from the rendered DOM on Pattern Studio (Design Workbench); not individually clicked during this audit pass (time-boxed to the workflows and controls listed in FULL_UI_UX_AUDIT_REPORT.md).,NOT INDEPENDENTLY VERIFIED,—,—
Pattern Studio (Design Workbench),🤖 Prompt,tab,"Reachable, produces the labelled action, gives visible feedback",Enumerated live from the rendered DOM on Pattern Studio (Design Workbench); not individually clicked during this audit pass (time-boxed to the workflows and controls listed in FULL_UI_UX_AUDIT_REPORT.md).,NOT INDEPENDENTLY VERIFIED,—,—
Pattern Studio (Design Workbench),🎯 Quality,tab,"Reachable, produces the labelled action, gives visible feedback",Enumerated live from the rendered DOM on Pattern Studio (Design Workbench); not individually clicked during this audit pass (time-boxed to the workflows and controls listed in FULL_UI_UX_AUDIT_REPORT.md).,NOT INDEPENDENTLY VERIFIED,—,—
Pattern Studio (Design Workbench),🖌 Critic,tab,"Reachable, produces the labelled action, gives visible feedback",Enumerated live from the rendered DOM on Pattern Studio (Design Workbench); not individually clicked during this audit pass (time-boxed to the workflows and controls listed in FULL_UI_UX_AUDIT_REPORT.md).,NOT INDEPENDENTLY VERIFIED,—,—
Pattern Studio (Design Workbench),🧬 Evolution,tab,"Reachable, produces the labelled action, gives visible feedback",Enumerated live from the rendered DOM on Pattern Studio (Design Workbench); not individually clicked during this audit pass (time-boxed to the workflows and controls listed in FULL_UI_UX_AUDIT_REPORT.md).,NOT INDEPENDENTLY VERIFIED,—,—
Pattern Studio (Design Workbench),🗃 Assets,tab,"Reachable, produces the labelled action, gives visible feedback",Enumerated live from the rendered DOM on Pattern Studio (Design Workbench); not individually clicked during this audit pass (time-boxed to the workflows and controls listed in FULL_UI_UX_AUDIT_REPORT.md).,NOT INDEPENDENTLY VERIFIED,—,—
Pattern Studio (Design Workbench),✅ Validation,tab,"Reachable, produces the labelled action, gives visible feedback",Enumerated live from the rendered DOM on Pattern Studio (Design Workbench); not individually clicked during this audit pass (time-boxed to the workflows and controls listed in FULL_UI_UX_AUDIT_REPORT.md).,NOT INDEPENDENTLY VERIFIED,—,—
Pattern Studio (Design Workbench),🖼 Live Preview,tab,"Reachable, produces the labelled action, gives visible feedback",Enumerated live from the rendered DOM on Pattern Studio (Design Workbench); not individually clicked during this audit pass (time-boxed to the workflows and controls listed in FULL_UI_UX_AUDIT_REPORT.md).,NOT INDEPENDENTLY VERIFIED,—,—
Pattern Studio (Design Workbench),🕘 History,tab,"Reachable, produces the labelled action, gives visible feedback",Enumerated live from the rendered DOM on Pattern Studio (Design Workbench); not individually clicked during this audit pass (time-boxed to the workflows and controls listed in FULL_UI_UX_AUDIT_REPORT.md).,NOT INDEPENDENTLY VERIFIED,—,—
Pattern Studio (Design Workbench),💾 Save current motifs as collection,button (disabled),Disabled state should be explained (title/aria-label) or the reason should be visible nearby,"No title/aria-label found on sampled disabled controls during accessibility pass — reason for disablement is usually only inferable from surrounding text, not from the control itself.",MISSING FEEDBACK,P3,Add title/aria-label explaining why the control is disabled.
Portfolio Manager,🏠 Mission Control,button,"Reachable, produces the labelled action, gives visible feedback",Enumerated live from the rendered DOM on Portfolio Manager; not individually clicked during this audit pass (time-boxed to the workflows and controls listed in FULL_UI_UX_AUDIT_REPORT.md).,NOT INDEPENDENTLY VERIFIED,—,—
Portfolio Manager,🏭 Today's Production,button,"Reachable, produces the labelled action, gives visible feedback",Enumerated live from the rendered DOM on Portfolio Manager; not individually clicked during this audit pass (time-boxed to the workflows and controls listed in FULL_UI_UX_AUDIT_REPORT.md).,NOT INDEPENDENTLY VERIFIED,—,—
Portfolio Manager,✨ ออกแบบให้ฉันวันนี้,button,"Reachable, produces the labelled action, gives visible feedback",Enumerated live from the rendered DOM on Portfolio Manager; not individually clicked during this audit pass (time-boxed to the workflows and controls listed in FULL_UI_UX_AUDIT_REPORT.md).,NOT INDEPENDENTLY VERIFIED,—,—
Portfolio Manager,+ โปรเจกต์ใหม่,button,"Reachable, produces the labelled action, gives visible feedback",Enumerated live from the rendered DOM on Portfolio Manager; not individually clicked during this audit pass (time-boxed to the workflows and controls listed in FULL_UI_UX_AUDIT_REPORT.md).,NOT INDEPENDENTLY VERIFIED,—,—
Portfolio Manager,📊 Overview,button,"Reachable, produces the labelled action, gives visible feedback",Enumerated live from the rendered DOM on Portfolio Manager; not individually clicked during this audit pass (time-boxed to the workflows and controls listed in FULL_UI_UX_AUDIT_REPORT.md).,NOT INDEPENDENTLY VERIFIED,—,—
Portfolio Manager,🎨 Pattern Studio,button,"Reachable, produces the labelled action, gives visible feedback",Enumerated live from the rendered DOM on Portfolio Manager; not individually clicked during this audit pass (time-boxed to the workflows and controls listed in FULL_UI_UX_AUDIT_REPORT.md).,NOT INDEPENDENTLY VERIFIED,—,—
Portfolio Manager,📂 Portfolio,button,"Reachable, produces the labelled action, gives visible feedback",Enumerated live from the rendered DOM on Portfolio Manager; not individually clicked during this audit pass (time-boxed to the workflows and controls listed in FULL_UI_UX_AUDIT_REPORT.md).,NOT INDEPENDENTLY VERIFIED,—,—
Portfolio Manager,💾 Backup,button,"Reachable, produces the labelled action, gives visible feedback",Enumerated live from the rendered DOM on Portfolio Manager; not individually clicked during this audit pass (time-boxed to the workflows and controls listed in FULL_UI_UX_AUDIT_REPORT.md).,NOT INDEPENDENTLY VERIFIED,—,—
Portfolio Manager,📈 AI Market Advisor,button,"Reachable, produces the labelled action, gives visible feedback",Enumerated live from the rendered DOM on Portfolio Manager; not individually clicked during this audit pass (time-boxed to the workflows and controls listed in FULL_UI_UX_AUDIT_REPORT.md).,NOT INDEPENDENTLY VERIFIED,—,—
Portfolio Manager,🎨 AI Design Director,button,"Reachable, produces the labelled action, gives visible feedback",Enumerated live from the rendered DOM on Portfolio Manager; not individually clicked during this audit pass (time-boxed to the workflows and controls listed in FULL_UI_UX_AUDIT_REPORT.md).,NOT INDEPENDENTLY VERIFIED,—,—
Portfolio Manager,⚙️ Advanced Mode,button,"Reachable, produces the labelled action, gives visible feedback",Enumerated live from the rendered DOM on Portfolio Manager; not individually clicked during this audit pass (time-boxed to the workflows and controls listed in FULL_UI_UX_AUDIT_REPORT.md).,NOT INDEPENDENTLY VERIFIED,—,—
Portfolio Manager,📦 Download Center,button,"Reachable, produces the labelled action, gives visible feedback",Enumerated live from the rendered DOM on Portfolio Manager; not individually clicked during this audit pass (time-boxed to the workflows and controls listed in FULL_UI_UX_AUDIT_REPORT.md).,NOT INDEPENDENTLY VERIFIED,—,—
Portfolio Manager,← กลับหน้าสร้างลาย,button,"Reachable, produces the labelled action, gives visible feedback",Enumerated live from the rendered DOM on Portfolio Manager; not individually clicked during this audit pass (time-boxed to the workflows and controls listed in FULL_UI_UX_AUDIT_REPORT.md).,NOT INDEPENDENTLY VERIFIED,—,—
Portfolio Manager,ชิ้นงาน,button,"Reachable, produces the labelled action, gives visible feedback",Enumerated live from the rendered DOM on Portfolio Manager; not individually clicked during this audit pass (time-boxed to the workflows and controls listed in FULL_UI_UX_AUDIT_REPORT.md).,NOT INDEPENDENTLY VERIFIED,—,—
Portfolio Manager,คอลเลกชัน,button,"Reachable, produces the labelled action, gives visible feedback",Enumerated live from the rendered DOM on Portfolio Manager; not individually clicked during this audit pass (time-boxed to the workflows and controls listed in FULL_UI_UX_AUDIT_REPORT.md).,NOT INDEPENDENTLY VERIFIED,—,—
Portfolio Manager,ศูนย์การผลิต,button,"Reachable, produces the labelled action, gives visible feedback",Enumerated live from the rendered DOM on Portfolio Manager; not individually clicked during this audit pass (time-boxed to the workflows and controls listed in FULL_UI_UX_AUDIT_REPORT.md).,NOT INDEPENDENTLY VERIFIED,—,—
Portfolio Manager,+ นำเข้าไฟล์,button,"Reachable, produces the labelled action, gives visible feedback",Enumerated live from the rendered DOM on Portfolio Manager; not individually clicked during this audit pass (time-boxed to the workflows and controls listed in FULL_UI_UX_AUDIT_REPORT.md).,NOT INDEPENDENTLY VERIFIED,—,—
Portfolio Manager,ตรวจสุขภาพคลัง,button,"Reachable, produces the labelled action, gives visible feedback",Enumerated live from the rendered DOM on Portfolio Manager; not individually clicked during this audit pass (time-boxed to the workflows and controls listed in FULL_UI_UX_AUDIT_REPORT.md).,NOT INDEPENDENTLY VERIFIED,—,—
Portfolio Manager,📖 คู่มือการใช้งาน,link,"Reachable, produces the labelled action, gives visible feedback",Enumerated live from the rendered DOM on Portfolio Manager; not individually clicked during this audit pass (time-boxed to the workflows and controls listed in FULL_UI_UX_AUDIT_REPORT.md).,NOT INDEPENDENTLY VERIFIED,—,—
Backup Manager,🏠 Mission Control,button,"Reachable, produces the labelled action, gives visible feedback",Enumerated live from the rendered DOM on Backup Manager; not individually clicked during this audit pass (time-boxed to the workflows and controls listed in FULL_UI_UX_AUDIT_REPORT.md).,NOT INDEPENDENTLY VERIFIED,—,—
Backup Manager,🏭 Today's Production,button,"Reachable, produces the labelled action, gives visible feedback",Enumerated live from the rendered DOM on Backup Manager; not individually clicked during this audit pass (time-boxed to the workflows and controls listed in FULL_UI_UX_AUDIT_REPORT.md).,NOT INDEPENDENTLY VERIFIED,—,—
Backup Manager,✨ ออกแบบให้ฉันวันนี้,button,"Reachable, produces the labelled action, gives visible feedback",Enumerated live from the rendered DOM on Backup Manager; not individually clicked during this audit pass (time-boxed to the workflows and controls listed in FULL_UI_UX_AUDIT_REPORT.md).,NOT INDEPENDENTLY VERIFIED,—,—
Backup Manager,+ โปรเจกต์ใหม่,button,"Reachable, produces the labelled action, gives visible feedback",Enumerated live from the rendered DOM on Backup Manager; not individually clicked during this audit pass (time-boxed to the workflows and controls listed in FULL_UI_UX_AUDIT_REPORT.md).,NOT INDEPENDENTLY VERIFIED,—,—
Backup Manager,📊 Overview,button,"Reachable, produces the labelled action, gives visible feedback",Enumerated live from the rendered DOM on Backup Manager; not individually clicked during this audit pass (time-boxed to the workflows and controls listed in FULL_UI_UX_AUDIT_REPORT.md).,NOT INDEPENDENTLY VERIFIED,—,—
Backup Manager,🎨 Pattern Studio,button,"Reachable, produces the labelled action, gives visible feedback",Enumerated live from the rendered DOM on Backup Manager; not individually clicked during this audit pass (time-boxed to the workflows and controls listed in FULL_UI_UX_AUDIT_REPORT.md).,NOT INDEPENDENTLY VERIFIED,—,—
Backup Manager,📂 Portfolio,button,"Reachable, produces the labelled action, gives visible feedback",Enumerated live from the rendered DOM on Backup Manager; not individually clicked during this audit pass (time-boxed to the workflows and controls listed in FULL_UI_UX_AUDIT_REPORT.md).,NOT INDEPENDENTLY VERIFIED,—,—
Backup Manager,💾 Backup,button,"Reachable, produces the labelled action, gives visible feedback",Enumerated live from the rendered DOM on Backup Manager; not individually clicked during this audit pass (time-boxed to the workflows and controls listed in FULL_UI_UX_AUDIT_REPORT.md).,NOT INDEPENDENTLY VERIFIED,—,—
Backup Manager,📈 AI Market Advisor,button,"Reachable, produces the labelled action, gives visible feedback",Enumerated live from the rendered DOM on Backup Manager; not individually clicked during this audit pass (time-boxed to the workflows and controls listed in FULL_UI_UX_AUDIT_REPORT.md).,NOT INDEPENDENTLY VERIFIED,—,—
Backup Manager,🎨 AI Design Director,button,"Reachable, produces the labelled action, gives visible feedback",Enumerated live from the rendered DOM on Backup Manager; not individually clicked during this audit pass (time-boxed to the workflows and controls listed in FULL_UI_UX_AUDIT_REPORT.md).,NOT INDEPENDENTLY VERIFIED,—,—
Backup Manager,⚙️ Advanced Mode,button,"Reachable, produces the labelled action, gives visible feedback",Enumerated live from the rendered DOM on Backup Manager; not individually clicked during this audit pass (time-boxed to the workflows and controls listed in FULL_UI_UX_AUDIT_REPORT.md).,NOT INDEPENDENTLY VERIFIED,—,—
Backup Manager,← กลับ,button,"Reachable, produces the labelled action, gives visible feedback",Enumerated live from the rendered DOM on Backup Manager; not individually clicked during this audit pass (time-boxed to the workflows and controls listed in FULL_UI_UX_AUDIT_REPORT.md).,NOT INDEPENDENTLY VERIFIED,—,—
Backup Manager,สำรองข้อมูล,button,"Reachable, produces the labelled action, gives visible feedback",Enumerated live from the rendered DOM on Backup Manager; not individually clicked during this audit pass (time-boxed to the workflows and controls listed in FULL_UI_UX_AUDIT_REPORT.md).,NOT INDEPENDENTLY VERIFIED,—,—
Backup Manager,กู้คืนข้อมูล,button,"Reachable, produces the labelled action, gives visible feedback",Enumerated live from the rendered DOM on Backup Manager; not individually clicked during this audit pass (time-boxed to the workflows and controls listed in FULL_UI_UX_AUDIT_REPORT.md).,NOT INDEPENDENTLY VERIFIED,—,—
Backup Manager,สำรองอัตโนมัติ,button,"Reachable, produces the labelled action, gives visible feedback",Enumerated live from the rendered DOM on Backup Manager; not individually clicked during this audit pass (time-boxed to the workflows and controls listed in FULL_UI_UX_AUDIT_REPORT.md).,NOT INDEPENDENTLY VERIFIED,—,—
Backup Manager,ประวัติการสำรอง,button,"Reachable, produces the labelled action, gives visible feedback",Enumerated live from the rendered DOM on Backup Manager; not individually clicked during this audit pass (time-boxed to the workflows and controls listed in FULL_UI_UX_AUDIT_REPORT.md).,NOT INDEPENDENTLY VERIFIED,—,—
Backup Manager,ตรวจสอบไฟล์สำรอง,button,"Reachable, produces the labelled action, gives visible feedback",Enumerated live from the rendered DOM on Backup Manager; not individually clicked during this audit pass (time-boxed to the workflows and controls listed in FULL_UI_UX_AUDIT_REPORT.md).,NOT INDEPENDENTLY VERIFIED,—,—
Backup Manager,+ สร้างไฟล์สำรองใหม่,button,"Reachable, produces the labelled action, gives visible feedback",Builds a real 24-file / ~1.2MB .vspsb backup; shows honest progress/compression stats (Workflow D).,PASS,P3,—
Backup Manager,📖 คู่มือการใช้งาน,link,"Reachable, produces the labelled action, gives visible feedback",Enumerated live from the rendered DOM on Backup Manager; not individually clicked during this audit pass (time-boxed to the workflows and controls listed in FULL_UI_UX_AUDIT_REPORT.md).,NOT INDEPENDENTLY VERIFIED,—,—
AI Market Advisor,🏠 Mission Control,button,"Reachable, produces the labelled action, gives visible feedback",Enumerated live from the rendered DOM on AI Market Advisor; not individually clicked during this audit pass (time-boxed to the workflows and controls listed in FULL_UI_UX_AUDIT_REPORT.md).,NOT INDEPENDENTLY VERIFIED,—,—
AI Market Advisor,🏭 Today's Production,button,"Reachable, produces the labelled action, gives visible feedback",Enumerated live from the rendered DOM on AI Market Advisor; not individually clicked during this audit pass (time-boxed to the workflows and controls listed in FULL_UI_UX_AUDIT_REPORT.md).,NOT INDEPENDENTLY VERIFIED,—,—
AI Market Advisor,✨ ออกแบบให้ฉันวันนี้,button,"Reachable, produces the labelled action, gives visible feedback",Enumerated live from the rendered DOM on AI Market Advisor; not individually clicked during this audit pass (time-boxed to the workflows and controls listed in FULL_UI_UX_AUDIT_REPORT.md).,NOT INDEPENDENTLY VERIFIED,—,—
AI Market Advisor,+ โปรเจกต์ใหม่,button,"Reachable, produces the labelled action, gives visible feedback",Enumerated live from the rendered DOM on AI Market Advisor; not individually clicked during this audit pass (time-boxed to the workflows and controls listed in FULL_UI_UX_AUDIT_REPORT.md).,NOT INDEPENDENTLY VERIFIED,—,—
AI Market Advisor,📊 Overview,button,"Reachable, produces the labelled action, gives visible feedback",Enumerated live from the rendered DOM on AI Market Advisor; not individually clicked during this audit pass (time-boxed to the workflows and controls listed in FULL_UI_UX_AUDIT_REPORT.md).,NOT INDEPENDENTLY VERIFIED,—,—
AI Market Advisor,🎨 Pattern Studio,button,"Reachable, produces the labelled action, gives visible feedback",Enumerated live from the rendered DOM on AI Market Advisor; not individually clicked during this audit pass (time-boxed to the workflows and controls listed in FULL_UI_UX_AUDIT_REPORT.md).,NOT INDEPENDENTLY VERIFIED,—,—
AI Market Advisor,📂 Portfolio,button,"Reachable, produces the labelled action, gives visible feedback",Enumerated live from the rendered DOM on AI Market Advisor; not individually clicked during this audit pass (time-boxed to the workflows and controls listed in FULL_UI_UX_AUDIT_REPORT.md).,NOT INDEPENDENTLY VERIFIED,—,—
AI Market Advisor,💾 Backup,button,"Reachable, produces the labelled action, gives visible feedback",Enumerated live from the rendered DOM on AI Market Advisor; not individually clicked during this audit pass (time-boxed to the workflows and controls listed in FULL_UI_UX_AUDIT_REPORT.md).,NOT INDEPENDENTLY VERIFIED,—,—
AI Market Advisor,📈 AI Market Advisor,button,"Reachable, produces the labelled action, gives visible feedback",Enumerated live from the rendered DOM on AI Market Advisor; not individually clicked during this audit pass (time-boxed to the workflows and controls listed in FULL_UI_UX_AUDIT_REPORT.md).,NOT INDEPENDENTLY VERIFIED,—,—
AI Market Advisor,🎨 AI Design Director,button,"Reachable, produces the labelled action, gives visible feedback",Enumerated live from the rendered DOM on AI Market Advisor; not individually clicked during this audit pass (time-boxed to the workflows and controls listed in FULL_UI_UX_AUDIT_REPORT.md).,NOT INDEPENDENTLY VERIFIED,—,—
AI Market Advisor,⚙️ Advanced Mode,button,"Reachable, produces the labelled action, gives visible feedback",Enumerated live from the rendered DOM on AI Market Advisor; not individually clicked during this audit pass (time-boxed to the workflows and controls listed in FULL_UI_UX_AUDIT_REPORT.md).,NOT INDEPENDENTLY VERIFIED,—,—
AI Market Advisor,← กลับ,button,"Reachable, produces the labelled action, gives visible feedback",Enumerated live from the rendered DOM on AI Market Advisor; not individually clicked during this audit pass (time-boxed to the workflows and controls listed in FULL_UI_UX_AUDIT_REPORT.md).,NOT INDEPENDENTLY VERIFIED,—,—
AI Market Advisor,Today's Mission,button,"Reachable, produces the labelled action, gives visible feedback",Enumerated live from the rendered DOM on AI Market Advisor; not individually clicked during this audit pass (time-boxed to the workflows and controls listed in FULL_UI_UX_AUDIT_REPORT.md).,NOT INDEPENDENTLY VERIFIED,—,—
AI Market Advisor,AI Market Advisor,button,"Reachable, produces the labelled action, gives visible feedback",Enumerated live from the rendered DOM on AI Market Advisor; not individually clicked during this audit pass (time-boxed to the workflows and controls listed in FULL_UI_UX_AUDIT_REPORT.md).,NOT INDEPENDENTLY VERIFIED,—,—
AI Market Advisor,Opportunity Explorer,button,"Reachable, produces the labelled action, gives visible feedback",Enumerated live from the rendered DOM on AI Market Advisor; not individually clicked during this audit pass (time-boxed to the workflows and controls listed in FULL_UI_UX_AUDIT_REPORT.md).,NOT INDEPENDENTLY VERIFIED,—,—
AI Market Advisor,Commercial Score Details,button,"Reachable, produces the labelled action, gives visible feedback",Enumerated live from the rendered DOM on AI Market Advisor; not individually clicked during this audit pass (time-boxed to the workflows and controls listed in FULL_UI_UX_AUDIT_REPORT.md).,NOT INDEPENDENTLY VERIFIED,—,—
AI Market Advisor,Keyword Intelligence,button,"Reachable, produces the labelled action, gives visible feedback",Enumerated live from the rendered DOM on AI Market Advisor; not individually clicked during this audit pass (time-boxed to the workflows and controls listed in FULL_UI_UX_AUDIT_REPORT.md).,NOT INDEPENDENTLY VERIFIED,—,—
AI Market Advisor,Seasonal Planner,button,"Reachable, produces the labelled action, gives visible feedback",Enumerated live from the rendered DOM on AI Market Advisor; not individually clicked during this audit pass (time-boxed to the workflows and controls listed in FULL_UI_UX_AUDIT_REPORT.md).,NOT INDEPENDENTLY VERIFIED,—,—
AI Market Advisor,Market Gap Finder,button,"Reachable, produces the labelled action, gives visible feedback",Enumerated live from the rendered DOM on AI Market Advisor; not individually clicked during this audit pass (time-boxed to the workflows and controls listed in FULL_UI_UX_AUDIT_REPORT.md).,NOT INDEPENDENTLY VERIFIED,—,—
AI Market Advisor,Marketplace Comparison,button,"Reachable, produces the labelled action, gives visible feedback",Enumerated live from the rendered DOM on AI Market Advisor; not individually clicked during this audit pass (time-boxed to the workflows and controls listed in FULL_UI_UX_AUDIT_REPORT.md).,NOT INDEPENDENTLY VERIFIED,—,—
AI Market Advisor,Daily Missions,button,"Reachable, produces the labelled action, gives visible feedback",Enumerated live from the rendered DOM on AI Market Advisor; not individually clicked during this audit pass (time-boxed to the workflows and controls listed in FULL_UI_UX_AUDIT_REPORT.md).,NOT INDEPENDENTLY VERIFIED,—,—
AI Market Advisor,⚠ Load Sample Data,button,"Reachable, produces the labelled action, gives visible feedback",Enumerated live from the rendered DOM on AI Market Advisor; not individually clicked during this audit pass (time-boxed to the workflows and controls listed in FULL_UI_UX_AUDIT_REPORT.md).,NOT INDEPENDENTLY VERIFIED,—,—
AI Market Advisor,📖 คู่มือการใช้งาน,link,"Reachable, produces the labelled action, gives visible feedback",Enumerated live from the rendered DOM on AI Market Advisor; not individually clicked during this audit pass (time-boxed to the workflows and controls listed in FULL_UI_UX_AUDIT_REPORT.md).,NOT INDEPENDENTLY VERIFIED,—,—
AI Design Director,🏠 Mission Control,button,"Reachable, produces the labelled action, gives visible feedback",Enumerated live from the rendered DOM on AI Design Director; not individually clicked during this audit pass (time-boxed to the workflows and controls listed in FULL_UI_UX_AUDIT_REPORT.md).,NOT INDEPENDENTLY VERIFIED,—,—
AI Design Director,🏭 Today's Production,button,"Reachable, produces the labelled action, gives visible feedback",Enumerated live from the rendered DOM on AI Design Director; not individually clicked during this audit pass (time-boxed to the workflows and controls listed in FULL_UI_UX_AUDIT_REPORT.md).,NOT INDEPENDENTLY VERIFIED,—,—
AI Design Director,✨ ออกแบบให้ฉันวันนี้,button,"Reachable, produces the labelled action, gives visible feedback",Enumerated live from the rendered DOM on AI Design Director; not individually clicked during this audit pass (time-boxed to the workflows and controls listed in FULL_UI_UX_AUDIT_REPORT.md).,NOT INDEPENDENTLY VERIFIED,—,—
AI Design Director,+ โปรเจกต์ใหม่,button,"Reachable, produces the labelled action, gives visible feedback",Enumerated live from the rendered DOM on AI Design Director; not individually clicked during this audit pass (time-boxed to the workflows and controls listed in FULL_UI_UX_AUDIT_REPORT.md).,NOT INDEPENDENTLY VERIFIED,—,—
AI Design Director,📊 Overview,button,"Reachable, produces the labelled action, gives visible feedback",Enumerated live from the rendered DOM on AI Design Director; not individually clicked during this audit pass (time-boxed to the workflows and controls listed in FULL_UI_UX_AUDIT_REPORT.md).,NOT INDEPENDENTLY VERIFIED,—,—
AI Design Director,🎨 Pattern Studio,button,"Reachable, produces the labelled action, gives visible feedback",Enumerated live from the rendered DOM on AI Design Director; not individually clicked during this audit pass (time-boxed to the workflows and controls listed in FULL_UI_UX_AUDIT_REPORT.md).,NOT INDEPENDENTLY VERIFIED,—,—
AI Design Director,📂 Portfolio,button,"Reachable, produces the labelled action, gives visible feedback",Enumerated live from the rendered DOM on AI Design Director; not individually clicked during this audit pass (time-boxed to the workflows and controls listed in FULL_UI_UX_AUDIT_REPORT.md).,NOT INDEPENDENTLY VERIFIED,—,—
AI Design Director,💾 Backup,button,"Reachable, produces the labelled action, gives visible feedback",Enumerated live from the rendered DOM on AI Design Director; not individually clicked during this audit pass (time-boxed to the workflows and controls listed in FULL_UI_UX_AUDIT_REPORT.md).,NOT INDEPENDENTLY VERIFIED,—,—
AI Design Director,📈 AI Market Advisor,button,"Reachable, produces the labelled action, gives visible feedback",Enumerated live from the rendered DOM on AI Design Director; not individually clicked during this audit pass (time-boxed to the workflows and controls listed in FULL_UI_UX_AUDIT_REPORT.md).,NOT INDEPENDENTLY VERIFIED,—,—
AI Design Director,🎨 AI Design Director,button,"Reachable, produces the labelled action, gives visible feedback",Enumerated live from the rendered DOM on AI Design Director; not individually clicked during this audit pass (time-boxed to the workflows and controls listed in FULL_UI_UX_AUDIT_REPORT.md).,NOT INDEPENDENTLY VERIFIED,—,—
AI Design Director,⚙️ Advanced Mode,button,"Reachable, produces the labelled action, gives visible feedback",Enumerated live from the rendered DOM on AI Design Director; not individually clicked during this audit pass (time-boxed to the workflows and controls listed in FULL_UI_UX_AUDIT_REPORT.md).,NOT INDEPENDENTLY VERIFIED,—,—
AI Design Director,← กลับ,button,"Reachable, produces the labelled action, gives visible feedback",Enumerated live from the rendered DOM on AI Design Director; not individually clicked during this audit pass (time-boxed to the workflows and controls listed in FULL_UI_UX_AUDIT_REPORT.md).,NOT INDEPENDENTLY VERIFIED,—,—
AI Design Director,Creative Brief,button,"Reachable, produces the labelled action, gives visible feedback",Enumerated live from the rendered DOM on AI Design Director; not individually clicked during this audit pass (time-boxed to the workflows and controls listed in FULL_UI_UX_AUDIT_REPORT.md).,NOT INDEPENDENTLY VERIFIED,—,—
AI Design Director,Collection Planner,button,"Reachable, produces the labelled action, gives visible feedback",Enumerated live from the rendered DOM on AI Design Director; not individually clicked during this audit pass (time-boxed to the workflows and controls listed in FULL_UI_UX_AUDIT_REPORT.md).,NOT INDEPENDENTLY VERIFIED,—,—
AI Design Director,Roadmap,button,"Reachable, produces the labelled action, gives visible feedback",Enumerated live from the rendered DOM on AI Design Director; not individually clicked during this audit pass (time-boxed to the workflows and controls listed in FULL_UI_UX_AUDIT_REPORT.md).,NOT INDEPENDENTLY VERIFIED,—,—
AI Design Director,Completeness,button,"Reachable, produces the labelled action, gives visible feedback",Enumerated live from the rendered DOM on AI Design Director; not individually clicked during this audit pass (time-boxed to the workflows and controls listed in FULL_UI_UX_AUDIT_REPORT.md).,NOT INDEPENDENTLY VERIFIED,—,—
AI Design Director,Balance,button,"Reachable, produces the labelled action, gives visible feedback",Enumerated live from the rendered DOM on AI Design Director; not individually clicked during this audit pass (time-boxed to the workflows and controls listed in FULL_UI_UX_AUDIT_REPORT.md).,NOT INDEPENDENTLY VERIFIED,—,—
AI Design Director,Diversity,button,"Reachable, produces the labelled action, gives visible feedback",Enumerated live from the rendered DOM on AI Design Director; not individually clicked during this audit pass (time-boxed to the workflows and controls listed in FULL_UI_UX_AUDIT_REPORT.md).,NOT INDEPENDENTLY VERIFIED,—,—
AI Design Director,Art Director,button,"Reachable, produces the labelled action, gives visible feedback",Enumerated live from the rendered DOM on AI Design Director; not individually clicked during this audit pass (time-boxed to the workflows and controls listed in FULL_UI_UX_AUDIT_REPORT.md).,NOT INDEPENDENTLY VERIFIED,—,—
AI Design Director,Commercial QA,button,"Reachable, produces the labelled action, gives visible feedback",Enumerated live from the rendered DOM on AI Design Director; not individually clicked during this audit pass (time-boxed to the workflows and controls listed in FULL_UI_UX_AUDIT_REPORT.md).,NOT INDEPENDENTLY VERIFIED,—,—
AI Design Director,Portfolio Impact,button,"Reachable, produces the labelled action, gives visible feedback",Enumerated live from the rendered DOM on AI Design Director; not individually clicked during this audit pass (time-boxed to the workflows and controls listed in FULL_UI_UX_AUDIT_REPORT.md).,NOT INDEPENDENTLY VERIFIED,—,—
AI Design Director,Generator Handoff,button,"Reachable, produces the labelled action, gives visible feedback",Enumerated live from the rendered DOM on AI Design Director; not individually clicked during this audit pass (time-boxed to the workflows and controls listed in FULL_UI_UX_AUDIT_REPORT.md).,NOT INDEPENDENTLY VERIFIED,—,—
AI Design Director,Generate Creative Brief,button,"Reachable, produces the labelled action, gives visible feedback",Enumerated live from the rendered DOM on AI Design Director; not individually clicked during this audit pass (time-boxed to the workflows and controls listed in FULL_UI_UX_AUDIT_REPORT.md).,NOT INDEPENDENTLY VERIFIED,—,—
AI Design Director,📖 คู่มือการใช้งาน,link,"Reachable, produces the labelled action, gives visible feedback",Enumerated live from the rendered DOM on AI Design Director; not individually clicked during this audit pass (time-boxed to the workflows and controls listed in FULL_UI_UX_AUDIT_REPORT.md).,NOT INDEPENDENTLY VERIFIED,—,—
AI Design Director,Generate Creative Brief,button (disabled),Disabled state should be explained (title/aria-label) or the reason should be visible nearby,"No title/aria-label found on sampled disabled controls during accessibility pass — reason for disablement is usually only inferable from surrounding text, not from the control itself.",MISSING FEEDBACK,P3,Add title/aria-label explaining why the control is disabled.
Advanced Mode (legacy generator),🏠 Mission Control,button,"Reachable, produces the labelled action, gives visible feedback",Enumerated live from the rendered DOM on Advanced Mode (legacy generator); not individually clicked during this audit pass (time-boxed to the workflows and controls listed in FULL_UI_UX_AUDIT_REPORT.md).,NOT INDEPENDENTLY VERIFIED,—,—
Advanced Mode (legacy generator),🏭 Today's Production,button,"Reachable, produces the labelled action, gives visible feedback",Enumerated live from the rendered DOM on Advanced Mode (legacy generator); not individually clicked during this audit pass (time-boxed to the workflows and controls listed in FULL_UI_UX_AUDIT_REPORT.md).,NOT INDEPENDENTLY VERIFIED,—,—
Advanced Mode (legacy generator),✨ ออกแบบให้ฉันวันนี้,button,"Reachable, produces the labelled action, gives visible feedback",Enumerated live from the rendered DOM on Advanced Mode (legacy generator); not individually clicked during this audit pass (time-boxed to the workflows and controls listed in FULL_UI_UX_AUDIT_REPORT.md).,NOT INDEPENDENTLY VERIFIED,—,—
Advanced Mode (legacy generator),+ โปรเจกต์ใหม่,button,"Reachable, produces the labelled action, gives visible feedback",Enumerated live from the rendered DOM on Advanced Mode (legacy generator); not individually clicked during this audit pass (time-boxed to the workflows and controls listed in FULL_UI_UX_AUDIT_REPORT.md).,NOT INDEPENDENTLY VERIFIED,—,—
Advanced Mode (legacy generator),📊 Overview,button,"Reachable, produces the labelled action, gives visible feedback",Enumerated live from the rendered DOM on Advanced Mode (legacy generator); not individually clicked during this audit pass (time-boxed to the workflows and controls listed in FULL_UI_UX_AUDIT_REPORT.md).,NOT INDEPENDENTLY VERIFIED,—,—
Advanced Mode (legacy generator),🎨 Pattern Studio,button,"Reachable, produces the labelled action, gives visible feedback",Enumerated live from the rendered DOM on Advanced Mode (legacy generator); not individually clicked during this audit pass (time-boxed to the workflows and controls listed in FULL_UI_UX_AUDIT_REPORT.md).,NOT INDEPENDENTLY VERIFIED,—,—
Advanced Mode (legacy generator),📂 Portfolio,button,"Reachable, produces the labelled action, gives visible feedback",Enumerated live from the rendered DOM on Advanced Mode (legacy generator); not individually clicked during this audit pass (time-boxed to the workflows and controls listed in FULL_UI_UX_AUDIT_REPORT.md).,NOT INDEPENDENTLY VERIFIED,—,—
Advanced Mode (legacy generator),💾 Backup,button,"Reachable, produces the labelled action, gives visible feedback",Enumerated live from the rendered DOM on Advanced Mode (legacy generator); not individually clicked during this audit pass (time-boxed to the workflows and controls listed in FULL_UI_UX_AUDIT_REPORT.md).,NOT INDEPENDENTLY VERIFIED,—,—
Advanced Mode (legacy generator),📈 AI Market Advisor,button,"Reachable, produces the labelled action, gives visible feedback",Enumerated live from the rendered DOM on Advanced Mode (legacy generator); not individually clicked during this audit pass (time-boxed to the workflows and controls listed in FULL_UI_UX_AUDIT_REPORT.md).,NOT INDEPENDENTLY VERIFIED,—,—
Advanced Mode (legacy generator),🎨 AI Design Director,button,"Reachable, produces the labelled action, gives visible feedback",Enumerated live from the rendered DOM on Advanced Mode (legacy generator); not individually clicked during this audit pass (time-boxed to the workflows and controls listed in FULL_UI_UX_AUDIT_REPORT.md).,NOT INDEPENDENTLY VERIFIED,—,—
Advanced Mode (legacy generator),⚙️ Advanced Mode,button,"Reachable, produces the labelled action, gives visible feedback",Enumerated live from the rendered DOM on Advanced Mode (legacy generator); not individually clicked during this audit pass (time-boxed to the workflows and controls listed in FULL_UI_UX_AUDIT_REPORT.md).,NOT INDEPENDENTLY VERIFIED,—,—
Advanced Mode (legacy generator),Boho Floral,button,"Reachable, produces the labelled action, gives visible feedback",Enumerated live from the rendered DOM on Advanced Mode (legacy generator); not individually clicked during this audit pass (time-boxed to the workflows and controls listed in FULL_UI_UX_AUDIT_REPORT.md).,NOT INDEPENDENTLY VERIFIED,—,—
Advanced Mode (legacy generator),Boutique Packaging,button,"Reachable, produces the labelled action, gives visible feedback",Enumerated live from the rendered DOM on Advanced Mode (legacy generator); not individually clicked during this audit pass (time-boxed to the workflows and controls listed in FULL_UI_UX_AUDIT_REPORT.md).,NOT INDEPENDENTLY VERIFIED,—,—
Advanced Mode (legacy generator),Dark Botanical,button,"Reachable, produces the labelled action, gives visible feedback",Enumerated live from the rendered DOM on Advanced Mode (legacy generator); not individually clicked during this audit pass (time-boxed to the workflows and controls listed in FULL_UI_UX_AUDIT_REPORT.md).,NOT INDEPENDENTLY VERIFIED,—,—
Advanced Mode (legacy generator),Editorial Botanical,button,"Reachable, produces the labelled action, gives visible feedback",Enumerated live from the rendered DOM on Advanced Mode (legacy generator); not individually clicked during this audit pass (time-boxed to the workflows and controls listed in FULL_UI_UX_AUDIT_REPORT.md).,NOT INDEPENDENTLY VERIFIED,—,—
Advanced Mode (legacy generator),Kids Playful,button,"Reachable, produces the labelled action, gives visible feedback",Enumerated live from the rendered DOM on Advanced Mode (legacy generator); not individually clicked during this audit pass (time-boxed to the workflows and controls listed in FULL_UI_UX_AUDIT_REPORT.md).,NOT INDEPENDENTLY VERIFIED,—,—
Advanced Mode (legacy generator),Luxury Floral,button,"Reachable, produces the labelled action, gives visible feedback",Enumerated live from the rendered DOM on Advanced Mode (legacy generator); not individually clicked during this audit pass (time-boxed to the workflows and controls listed in FULL_UI_UX_AUDIT_REPORT.md).,NOT INDEPENDENTLY VERIFIED,—,—
Advanced Mode (legacy generator),Luxury Wallpaper,button,"Reachable, produces the labelled action, gives visible feedback",Enumerated live from the rendered DOM on Advanced Mode (legacy generator); not individually clicked during this audit pass (time-boxed to the workflows and controls listed in FULL_UI_UX_AUDIT_REPORT.md).,NOT INDEPENDENTLY VERIFIED,—,—
Advanced Mode (legacy generator),Minimal Botanical,button,"Reachable, produces the labelled action, gives visible feedback",Enumerated live from the rendered DOM on Advanced Mode (legacy generator); not individually clicked during this audit pass (time-boxed to the workflows and controls listed in FULL_UI_UX_AUDIT_REPORT.md).,NOT INDEPENDENTLY VERIFIED,—,—
Advanced Mode (legacy generator),Modern Tropical,button,"Reachable, produces the labelled action, gives visible feedback",Enumerated live from the rendered DOM on Advanced Mode (legacy generator); not individually clicked during this audit pass (time-boxed to the workflows and controls listed in FULL_UI_UX_AUDIT_REPORT.md).,NOT INDEPENDENTLY VERIFIED,—,—
Advanced Mode (legacy generator),Organic Abstract,button,"Reachable, produces the labelled action, gives visible feedback",Enumerated live from the rendered DOM on Advanced Mode (legacy generator); not individually clicked during this audit pass (time-boxed to the workflows and controls listed in FULL_UI_UX_AUDIT_REPORT.md).,NOT INDEPENDENTLY VERIFIED,—,—
Advanced Mode (legacy generator),Premium Textile,button,"Reachable, produces the labelled action, gives visible feedback",Enumerated live from the rendered DOM on Advanced Mode (legacy generator); not individually clicked during this audit pass (time-boxed to the workflows and controls listed in FULL_UI_UX_AUDIT_REPORT.md).,NOT INDEPENDENTLY VERIFIED,—,—
Advanced Mode (legacy generator),Retro Organic,button,"Reachable, produces the labelled action, gives visible feedback",Enumerated live from the rendered DOM on Advanced Mode (legacy generator); not individually clicked during this audit pass (time-boxed to the workflows and controls listed in FULL_UI_UX_AUDIT_REPORT.md).,NOT INDEPENDENTLY VERIFIED,—,—
Advanced Mode (legacy generator),Scandinavian Organic,button,"Reachable, produces the labelled action, gives visible feedback",Enumerated live from the rendered DOM on Advanced Mode (legacy generator); not individually clicked during this audit pass (time-boxed to the workflows and controls listed in FULL_UI_UX_AUDIT_REPORT.md).,NOT INDEPENDENTLY VERIFIED,—,—
Advanced Mode (legacy generator),Soft Watercolor Inspired (Vector only),button,"Reachable, produces the labelled action, gives visible feedback",Enumerated live from the rendered DOM on Advanced Mode (legacy generator); not individually clicked during this audit pass (time-boxed to the workflows and controls listed in FULL_UI_UX_AUDIT_REPORT.md).,NOT INDEPENDENTLY VERIFIED,—,—
Advanced Mode (legacy generator),Vintage Herbarium,button,"Reachable, produces the labelled action, gives visible feedback",Enumerated live from the rendered DOM on Advanced Mode (legacy generator); not individually clicked during this audit pass (time-boxed to the workflows and controls listed in FULL_UI_UX_AUDIT_REPORT.md).,NOT INDEPENDENTLY VERIFIED,—,—
Advanced Mode (legacy generator),➕ สร้าง Style จากค่าปัจจุบัน,button,"Reachable, produces the labelled action, gives visible feedback",Enumerated live from the rendered DOM on Advanced Mode (legacy generator); not individually clicked during this audit pass (time-boxed to the workflows and controls listed in FULL_UI_UX_AUDIT_REPORT.md).,NOT INDEPENDENTLY VERIFIED,—,—
Advanced Mode (legacy generator),🧬 ทำสำเนา,button,"Reachable, produces the labelled action, gives visible feedback",Enumerated live from the rendered DOM on Advanced Mode (legacy generator); not individually clicked during this audit pass (time-boxed to the workflows and controls listed in FULL_UI_UX_AUDIT_REPORT.md).,NOT INDEPENDENTLY VERIFIED,—,—
Advanced Mode (legacy generator),☆ ตั้งเป็นโปรด,button,"Reachable, produces the labelled action, gives visible feedback",Enumerated live from the rendered DOM on Advanced Mode (legacy generator); not individually clicked during this audit pass (time-boxed to the workflows and controls listed in FULL_UI_UX_AUDIT_REPORT.md).,NOT INDEPENDENTLY VERIFIED,—,—
Advanced Mode (legacy generator),✏️ เปลี่ยนชื่อ,button,"Reachable, produces the labelled action, gives visible feedback",Enumerated live from the rendered DOM on Advanced Mode (legacy generator); not individually clicked during this audit pass (time-boxed to the workflows and controls listed in FULL_UI_UX_AUDIT_REPORT.md).,NOT INDEPENDENTLY VERIFIED,—,—
Advanced Mode (legacy generator),🗑 ลบ,button,"Reachable, produces the labelled action, gives visible feedback",Enumerated live from the rendered DOM on Advanced Mode (legacy generator); not individually clicked during this audit pass (time-boxed to the workflows and controls listed in FULL_UI_UX_AUDIT_REPORT.md).,NOT INDEPENDENTLY VERIFIED,—,—
Advanced Mode (legacy generator),📤 Export JSON,button,"Reachable, produces the labelled action, gives visible feedback",Enumerated live from the rendered DOM on Advanced Mode (legacy generator); not individually clicked during this audit pass (time-boxed to the workflows and controls listed in FULL_UI_UX_AUDIT_REPORT.md).,NOT INDEPENDENTLY VERIFIED,—,—
Advanced Mode (legacy generator),📥 Import JSON,button,"Reachable, produces the labelled action, gives visible feedback",Enumerated live from the rendered DOM on Advanced Mode (legacy generator); not individually clicked during this audit pass (time-boxed to the workflows and controls listed in FULL_UI_UX_AUDIT_REPORT.md).,NOT INDEPENDENTLY VERIFIED,—,—
Advanced Mode (legacy generator),↺ Reset to Style,button,"Reachable, produces the labelled action, gives visible feedback",Enumerated live from the rendered DOM on Advanced Mode (legacy generator); not individually clicked during this audit pass (time-boxed to the workflows and controls listed in FULL_UI_UX_AUDIT_REPORT.md).,NOT INDEPENDENTLY VERIFIED,—,—
Advanced Mode (legacy generator),Airy Scandinavian,button,"Reachable, produces the labelled action, gives visible feedback",Enumerated live from the rendered DOM on Advanced Mode (legacy generator); not individually clicked during this audit pass (time-boxed to the workflows and controls listed in FULL_UI_UX_AUDIT_REPORT.md).,NOT INDEPENDENTLY VERIFIED,—,—
Advanced Mode (legacy generator),Dense Garden,button,"Reachable, produces the labelled action, gives visible feedback",Enumerated live from the rendered DOM on Advanced Mode (legacy generator); not individually clicked during this audit pass (time-boxed to the workflows and controls listed in FULL_UI_UX_AUDIT_REPORT.md).,NOT INDEPENDENTLY VERIFIED,—,—
Advanced Mode (legacy generator),Modern Organic,button,"Reachable, produces the labelled action, gives visible feedback",Enumerated live from the rendered DOM on Advanced Mode (legacy generator); not individually clicked during this audit pass (time-boxed to the workflows and controls listed in FULL_UI_UX_AUDIT_REPORT.md).,NOT INDEPENDENTLY VERIFIED,—,—
Advanced Mode (legacy generator),Playful Kids,button,"Reachable, produces the labelled action, gives visible feedback",Enumerated live from the rendered DOM on Advanced Mode (legacy generator); not individually clicked during this audit pass (time-boxed to the workflows and controls listed in FULL_UI_UX_AUDIT_REPORT.md).,NOT INDEPENDENTLY VERIFIED,—,—
Advanced Mode (legacy generator),Resort Tropical,button,"Reachable, produces the labelled action, gives visible feedback",Enumerated live from the rendered DOM on Advanced Mode (legacy generator); not individually clicked during this audit pass (time-boxed to the workflows and controls listed in FULL_UI_UX_AUDIT_REPORT.md).,NOT INDEPENDENTLY VERIFIED,—,—
Advanced Mode (legacy generator),Textile Classic,button,"Reachable, produces the labelled action, gives visible feedback",Enumerated live from the rendered DOM on Advanced Mode (legacy generator); not individually clicked during this audit pass (time-boxed to the workflows and controls listed in FULL_UI_UX_AUDIT_REPORT.md).,NOT INDEPENDENTLY VERIFIED,—,—
Advanced Mode (legacy generator),Minimal Geometric,button,"Reachable, produces the labelled action, gives visible feedback",Enumerated live from the rendered DOM on Advanced Mode (legacy generator); not individually clicked during this audit pass (time-boxed to the workflows and controls listed in FULL_UI_UX_AUDIT_REPORT.md).,NOT INDEPENDENTLY VERIFIED,—,—
Advanced Mode (legacy generator),Retro Editorial,button,"Reachable, produces the labelled action, gives visible feedback",Enumerated live from the rendered DOM on Advanced Mode (legacy generator); not individually clicked during this audit pass (time-boxed to the workflows and controls listed in FULL_UI_UX_AUDIT_REPORT.md).,NOT INDEPENDENTLY VERIFIED,—,—
Advanced Mode (legacy generator),Premium Wallpaper,button,"Reachable, produces the labelled action, gives visible feedback",Enumerated live from the rendered DOM on Advanced Mode (legacy generator); not individually clicked during this audit pass (time-boxed to the workflows and controls listed in FULL_UI_UX_AUDIT_REPORT.md).,NOT INDEPENDENTLY VERIFIED,—,—
Advanced Mode (legacy generator),Cottage Garden,button,"Reachable, produces the labelled action, gives visible feedback",Enumerated live from the rendered DOM on Advanced Mode (legacy generator); not individually clicked during this audit pass (time-boxed to the workflows and controls listed in FULL_UI_UX_AUDIT_REPORT.md).,NOT INDEPENDENTLY VERIFIED,—,—
Advanced Mode (legacy generator),Quiet Luxury,button,"Reachable, produces the labelled action, gives visible feedback",Enumerated live from the rendered DOM on Advanced Mode (legacy generator); not individually clicked during this audit pass (time-boxed to the workflows and controls listed in FULL_UI_UX_AUDIT_REPORT.md).,NOT INDEPENDENTLY VERIFIED,—,—
Advanced Mode (legacy generator),Y2K Revival,button,"Reachable, produces the labelled action, gives visible feedback",Enumerated live from the rendered DOM on Advanced Mode (legacy generator); not individually clicked during this audit pass (time-boxed to the workflows and controls listed in FULL_UI_UX_AUDIT_REPORT.md).,NOT INDEPENDENTLY VERIFIED,—,—
Advanced Mode (legacy generator),Coastal Calm,button,"Reachable, produces the labelled action, gives visible feedback",Enumerated live from the rendered DOM on Advanced Mode (legacy generator); not individually clicked during this audit pass (time-boxed to the workflows and controls listed in FULL_UI_UX_AUDIT_REPORT.md).,NOT INDEPENDENTLY VERIFIED,—,—
Advanced Mode (legacy generator),Dark Academia Botanical,button,"Reachable, produces the labelled action, gives visible feedback",Enumerated live from the rendered DOM on Advanced Mode (legacy generator); not individually clicked during this audit pass (time-boxed to the workflows and controls listed in FULL_UI_UX_AUDIT_REPORT.md).,NOT INDEPENDENTLY VERIFIED,—,—
Advanced Mode (legacy generator),Soft Maximalism,button,"Reachable, produces the labelled action, gives visible feedback",Enumerated live from the rendered DOM on Advanced Mode (legacy generator); not individually clicked during this audit pass (time-boxed to the workflows and controls listed in FULL_UI_UX_AUDIT_REPORT.md).,NOT INDEPENDENTLY VERIFIED,—,—
Advanced Mode (legacy generator),Clean Scandi Minimal,button,"Reachable, produces the labelled action, gives visible feedback",Enumerated live from the rendered DOM on Advanced Mode (legacy generator); not individually clicked during this audit pass (time-boxed to the workflows and controls listed in FULL_UI_UX_AUDIT_REPORT.md).,NOT INDEPENDENTLY VERIFIED,—,—
Advanced Mode (legacy generator),Vintage Botanical,button,"Reachable, produces the labelled action, gives visible feedback",Enumerated live from the rendered DOM on Advanced Mode (legacy generator); not individually clicked during this audit pass (time-boxed to the workflows and controls listed in FULL_UI_UX_AUDIT_REPORT.md).,NOT INDEPENDENTLY VERIFIED,—,—
Advanced Mode (legacy generator),Modern Cottagecore,button,"Reachable, produces the labelled action, gives visible feedback",Enumerated live from the rendered DOM on Advanced Mode (legacy generator); not individually clicked during this audit pass (time-boxed to the workflows and controls listed in FULL_UI_UX_AUDIT_REPORT.md).,NOT INDEPENDENTLY VERIFIED,—,—
Advanced Mode (legacy generator),Maximal Floral,button,"Reachable, produces the labelled action, gives visible feedback",Enumerated live from the rendered DOM on Advanced Mode (legacy generator); not individually clicked during this audit pass (time-boxed to the workflows and controls listed in FULL_UI_UX_AUDIT_REPORT.md).,NOT INDEPENDENTLY VERIFIED,—,—
Advanced Mode (legacy generator),Geometric,button,"Reachable, produces the labelled action, gives visible feedback",Enumerated live from the rendered DOM on Advanced Mode (legacy generator); not individually clicked during this audit pass (time-boxed to the workflows and controls listed in FULL_UI_UX_AUDIT_REPORT.md).,NOT INDEPENDENTLY VERIFIED,—,—
Advanced Mode (legacy generator),Botanical / Floral,button,"Reachable, produces the labelled action, gives visible feedback",Enumerated live from the rendered DOM on Advanced Mode (legacy generator); not individually clicked during this audit pass (time-boxed to the workflows and controls listed in FULL_UI_UX_AUDIT_REPORT.md).,NOT INDEPENDENTLY VERIFIED,—,—
Advanced Mode (legacy generator),Abstract Organic,button,"Reachable, produces the labelled action, gives visible feedback",Enumerated live from the rendered DOM on Advanced Mode (legacy generator); not individually clicked during this audit pass (time-boxed to the workflows and controls listed in FULL_UI_UX_AUDIT_REPORT.md).,NOT INDEPENDENTLY VERIFIED,—,—
Advanced Mode (legacy generator),Tropical,button,"Reachable, produces the labelled action, gives visible feedback",Enumerated live from the rendered DOM on Advanced Mode (legacy generator); not individually clicked during this audit pass (time-boxed to the workflows and controls listed in FULL_UI_UX_AUDIT_REPORT.md).,NOT INDEPENDENTLY VERIFIED,—,—
Advanced Mode (legacy generator),Boho / Tribal,button,"Reachable, produces the labelled action, gives visible feedback",Enumerated live from the rendered DOM on Advanced Mode (legacy generator); not individually clicked during this audit pass (time-boxed to the workflows and controls listed in FULL_UI_UX_AUDIT_REPORT.md).,NOT INDEPENDENTLY VERIFIED,—,—
Advanced Mode (legacy generator),Line Art,button,"Reachable, produces the labelled action, gives visible feedback",Enumerated live from the rendered DOM on Advanced Mode (legacy generator); not individually clicked during this audit pass (time-boxed to the workflows and controls listed in FULL_UI_UX_AUDIT_REPORT.md).,NOT INDEPENDENTLY VERIFIED,—,—
Advanced Mode (legacy generator),Mandala,button,"Reachable, produces the labelled action, gives visible feedback",Enumerated live from the rendered DOM on Advanced Mode (legacy generator); not individually clicked during this audit pass (time-boxed to the workflows and controls listed in FULL_UI_UX_AUDIT_REPORT.md).,NOT INDEPENDENTLY VERIFIED,—,—
Advanced Mode (legacy generator),Textile / Damask,button,"Reachable, produces the labelled action, gives visible feedback",Enumerated live from the rendered DOM on Advanced Mode (legacy generator); not individually clicked during this audit pass (time-boxed to the workflows and controls listed in FULL_UI_UX_AUDIT_REPORT.md).,NOT INDEPENDENTLY VERIFIED,—,—
Advanced Mode (legacy generator),Cute / Kids,button,"Reachable, produces the labelled action, gives visible feedback",Enumerated live from the rendered DOM on Advanced Mode (legacy generator); not individually clicked during this audit pass (time-boxed to the workflows and controls listed in FULL_UI_UX_AUDIT_REPORT.md).,NOT INDEPENDENTLY VERIFIED,—,—
Advanced Mode (legacy generator),Seasonal / Holiday,button,"Reachable, produces the labelled action, gives visible feedback",Enumerated live from the rendered DOM on Advanced Mode (legacy generator); not individually clicked during this audit pass (time-boxed to the workflows and controls listed in FULL_UI_UX_AUDIT_REPORT.md).,NOT INDEPENDENTLY VERIFIED,—,—
Advanced Mode (legacy generator),Retro 70s,button,"Reachable, produces the labelled action, gives visible feedback",Enumerated live from the rendered DOM on Advanced Mode (legacy generator); not individually clicked during this audit pass (time-boxed to the workflows and controls listed in FULL_UI_UX_AUDIT_REPORT.md).,NOT INDEPENDENTLY VERIFIED,—,—
Advanced Mode (legacy generator),Plaid & Check,button,"Reachable, produces the labelled action, gives visible feedback",Enumerated live from the rendered DOM on Advanced Mode (legacy generator); not individually clicked during this audit pass (time-boxed to the workflows and controls listed in FULL_UI_UX_AUDIT_REPORT.md).,NOT INDEPENDENTLY VERIFIED,—,—
Advanced Mode (legacy generator),Animal Print,button,"Reachable, produces the labelled action, gives visible feedback",Enumerated live from the rendered DOM on Advanced Mode (legacy generator); not individually clicked during this audit pass (time-boxed to the workflows and controls listed in FULL_UI_UX_AUDIT_REPORT.md).,NOT INDEPENDENTLY VERIFIED,—,—
Advanced Mode (legacy generator),Paisley & Ikat,button,"Reachable, produces the labelled action, gives visible feedback",Enumerated live from the rendered DOM on Advanced Mode (legacy generator); not individually clicked during this audit pass (time-boxed to the workflows and controls listed in FULL_UI_UX_AUDIT_REPORT.md).,NOT INDEPENDENTLY VERIFIED,—,—
Advanced Mode (legacy generator),Terrazzo,button,"Reachable, produces the labelled action, gives visible feedback",Enumerated live from the rendered DOM on Advanced Mode (legacy generator); not individually clicked during this audit pass (time-boxed to the workflows and controls listed in FULL_UI_UX_AUDIT_REPORT.md).,NOT INDEPENDENTLY VERIFIED,—,—
Advanced Mode (legacy generator),Grid,button,"Reachable, produces the labelled action, gives visible feedback",Enumerated live from the rendered DOM on Advanced Mode (legacy generator); not individually clicked during this audit pass (time-boxed to the workflows and controls listed in FULL_UI_UX_AUDIT_REPORT.md).,NOT INDEPENDENTLY VERIFIED,—,—
Advanced Mode (legacy generator),Brick / Offset,button,"Reachable, produces the labelled action, gives visible feedback",Enumerated live from the rendered DOM on Advanced Mode (legacy generator); not individually clicked during this audit pass (time-boxed to the workflows and controls listed in FULL_UI_UX_AUDIT_REPORT.md).,NOT INDEPENDENTLY VERIFIED,—,—
Advanced Mode (legacy generator),Radial / Mandala,button,"Reachable, produces the labelled action, gives visible feedback",Enumerated live from the rendered DOM on Advanced Mode (legacy generator); not individually clicked during this audit pass (time-boxed to the workflows and controls listed in FULL_UI_UX_AUDIT_REPORT.md).,NOT INDEPENDENTLY VERIFIED,—,—
Advanced Mode (legacy generator),Random Scatter,button,"Reachable, produces the labelled action, gives visible feedback",Enumerated live from the rendered DOM on Advanced Mode (legacy generator); not individually clicked during this audit pass (time-boxed to the workflows and controls listed in FULL_UI_UX_AUDIT_REPORT.md).,NOT INDEPENDENTLY VERIFIED,—,—
Advanced Mode (legacy generator),Half-Drop,button,"Reachable, produces the labelled action, gives visible feedback",Enumerated live from the rendered DOM on Advanced Mode (legacy generator); not individually clicked during this audit pass (time-boxed to the workflows and controls listed in FULL_UI_UX_AUDIT_REPORT.md).,NOT INDEPENDENTLY VERIFIED,—,—
Advanced Mode (legacy generator),Hero + Editorial Flow,button,"Reachable, produces the labelled action, gives visible feedback",Enumerated live from the rendered DOM on Advanced Mode (legacy generator); not individually clicked during this audit pass (time-boxed to the workflows and controls listed in FULL_UI_UX_AUDIT_REPORT.md).,NOT INDEPENDENTLY VERIFIED,—,—
Advanced Mode (legacy generator),Hero + Scatter,button,"Reachable, produces the labelled action, gives visible feedback",Enumerated live from the rendered DOM on Advanced Mode (legacy generator); not individually clicked during this audit pass (time-boxed to the workflows and controls listed in FULL_UI_UX_AUDIT_REPORT.md).,NOT INDEPENDENTLY VERIFIED,—,—
Advanced Mode (legacy generator),S-Curve Botanical,button,"Reachable, produces the labelled action, gives visible feedback",Enumerated live from the rendered DOM on Advanced Mode (legacy generator); not individually clicked during this audit pass (time-boxed to the workflows and controls listed in FULL_UI_UX_AUDIT_REPORT.md).,NOT INDEPENDENTLY VERIFIED,—,—
Advanced Mode (legacy generator),Bouquet,button,"Reachable, produces the labelled action, gives visible feedback",Enumerated live from the rendered DOM on Advanced Mode (legacy generator); not individually clicked during this audit pass (time-boxed to the workflows and controls listed in FULL_UI_UX_AUDIT_REPORT.md).,NOT INDEPENDENTLY VERIFIED,—,—
Advanced Mode (legacy generator),Airy Botanical,button,"Reachable, produces the labelled action, gives visible feedback",Enumerated live from the rendered DOM on Advanced Mode (legacy generator); not individually clicked during this audit pass (time-boxed to the workflows and controls listed in FULL_UI_UX_AUDIT_REPORT.md).,NOT INDEPENDENTLY VERIFIED,—,—
Advanced Mode (legacy generator),Toss Pattern,button,"Reachable, produces the labelled action, gives visible feedback",Enumerated live from the rendered DOM on Advanced Mode (legacy generator); not individually clicked during this audit pass (time-boxed to the workflows and controls listed in FULL_UI_UX_AUDIT_REPORT.md).,NOT INDEPENDENTLY VERIFIED,—,—
Advanced Mode (legacy generator),Dense Premium,button,"Reachable, produces the labelled action, gives visible feedback",Enumerated live from the rendered DOM on Advanced Mode (legacy generator); not individually clicked during this audit pass (time-boxed to the workflows and controls listed in FULL_UI_UX_AUDIT_REPORT.md).,NOT INDEPENDENTLY VERIFIED,—,—
Advanced Mode (legacy generator),Grid Minimal,button,"Reachable, produces the labelled action, gives visible feedback",Enumerated live from the rendered DOM on Advanced Mode (legacy generator); not individually clicked during this audit pass (time-boxed to the workflows and controls listed in FULL_UI_UX_AUDIT_REPORT.md).,NOT INDEPENDENTLY VERIFIED,—,—
Advanced Mode (legacy generator),Stripe,button,"Reachable, produces the labelled action, gives visible feedback",Enumerated live from the rendered DOM on Advanced Mode (legacy generator); not individually clicked during this audit pass (time-boxed to the workflows and controls listed in FULL_UI_UX_AUDIT_REPORT.md).,NOT INDEPENDENTLY VERIFIED,—,—
Advanced Mode (legacy generator),−5%,button,"Reachable, produces the labelled action, gives visible feedback",Enumerated live from the rendered DOM on Advanced Mode (legacy generator); not individually clicked during this audit pass (time-boxed to the workflows and controls listed in FULL_UI_UX_AUDIT_REPORT.md).,NOT INDEPENDENTLY VERIFIED,—,—
Advanced Mode (legacy generator),+5%,button,"Reachable, produces the labelled action, gives visible feedback",Enumerated live from the rendered DOM on Advanced Mode (legacy generator); not individually clicked during this audit pass (time-boxed to the workflows and controls listed in FULL_UI_UX_AUDIT_REPORT.md).,NOT INDEPENDENTLY VERIFIED,—,—
Advanced Mode (legacy generator),ไม่มี,button,"Reachable, produces the labelled action, gives visible feedback",Enumerated live from the rendered DOM on Advanced Mode (legacy generator); not individually clicked during this audit pass (time-boxed to the workflows and controls listed in FULL_UI_UX_AUDIT_REPORT.md).,NOT INDEPENDENTLY VERIFIED,—,—
Advanced Mode (legacy generator),บางเบา,button,"Reachable, produces the labelled action, gives visible feedback",Enumerated live from the rendered DOM on Advanced Mode (legacy generator); not individually clicked during this audit pass (time-boxed to the workflows and controls listed in FULL_UI_UX_AUDIT_REPORT.md).,NOT INDEPENDENTLY VERIFIED,—,—
Advanced Mode (legacy generator),หนาแน่น,button,"Reachable, produces the labelled action, gives visible feedback",Enumerated live from the rendered DOM on Advanced Mode (legacy generator); not individually clicked during this audit pass (time-boxed to the workflows and controls listed in FULL_UI_UX_AUDIT_REPORT.md).,NOT INDEPENDENTLY VERIFIED,—,—
Advanced Mode (legacy generator),Hero Focus,button,"Reachable, produces the labelled action, gives visible feedback",Enumerated live from the rendered DOM on Advanced Mode (legacy generator); not individually clicked during this audit pass (time-boxed to the workflows and controls listed in FULL_UI_UX_AUDIT_REPORT.md).,NOT INDEPENDENTLY VERIFIED,—,—
Advanced Mode (legacy generator),Balanced Editorial,button,"Reachable, produces the labelled action, gives visible feedback",Enumerated live from the rendered DOM on Advanced Mode (legacy generator); not individually clicked during this audit pass (time-boxed to the workflows and controls listed in FULL_UI_UX_AUDIT_REPORT.md).,NOT INDEPENDENTLY VERIFIED,—,—
Advanced Mode (legacy generator),Dense Layered,button,"Reachable, produces the labelled action, gives visible feedback",Enumerated live from the rendered DOM on Advanced Mode (legacy generator); not individually clicked during this audit pass (time-boxed to the workflows and controls listed in FULL_UI_UX_AUDIT_REPORT.md).,NOT INDEPENDENTLY VERIFIED,—,—
Advanced Mode (legacy generator),Airy Premium,button,"Reachable, produces the labelled action, gives visible feedback",Enumerated live from the rendered DOM on Advanced Mode (legacy generator); not individually clicked during this audit pass (time-boxed to the workflows and controls listed in FULL_UI_UX_AUDIT_REPORT.md).,NOT INDEPENDENTLY VERIFIED,—,—
Advanced Mode (legacy generator),Ditsy Floral,button,"Reachable, produces the labelled action, gives visible feedback",Enumerated live from the rendered DOM on Advanced Mode (legacy generator); not individually clicked during this audit pass (time-boxed to the workflows and controls listed in FULL_UI_UX_AUDIT_REPORT.md).,NOT INDEPENDENTLY VERIFIED,—,—
Advanced Mode (legacy generator),All-over Textile,button,"Reachable, produces the labelled action, gives visible feedback",Enumerated live from the rendered DOM on Advanced Mode (legacy generator); not individually clicked during this audit pass (time-boxed to the workflows and controls listed in FULL_UI_UX_AUDIT_REPORT.md).,NOT INDEPENDENTLY VERIFIED,—,—
Advanced Mode (legacy generator),Minimal Repeat,button,"Reachable, produces the labelled action, gives visible feedback",Enumerated live from the rendered DOM on Advanced Mode (legacy generator); not individually clicked during this audit pass (time-boxed to the workflows and controls listed in FULL_UI_UX_AUDIT_REPORT.md).,NOT INDEPENDENTLY VERIFIED,—,—
Advanced Mode (legacy generator),🎲,button,"Reachable, produces the labelled action, gives visible feedback",Enumerated live from the rendered DOM on Advanced Mode (legacy generator); not individually clicked during this audit pass (time-boxed to the workflows and controls listed in FULL_UI_UX_AUDIT_REPORT.md).,NOT INDEPENDENTLY VERIFIED,—,—
Advanced Mode (legacy generator),Generate,button,"Reachable, produces the labelled action, gives visible feedback",Enumerated live from the rendered DOM on Advanced Mode (legacy generator); not individually clicked during this audit pass (time-boxed to the workflows and controls listed in FULL_UI_UX_AUDIT_REPORT.md).,NOT INDEPENDENTLY VERIFIED,—,—
Advanced Mode (legacy generator),Randomize All,button,"Reachable, produces the labelled action, gives visible feedback",Enumerated live from the rendered DOM on Advanced Mode (legacy generator); not individually clicked during this audit pass (time-boxed to the workflows and controls listed in FULL_UI_UX_AUDIT_REPORT.md).,NOT INDEPENDENTLY VERIFIED,—,—
Advanced Mode (legacy generator),Generate 9 variations,button,"Reachable, produces the labelled action, gives visible feedback",Enumerated live from the rendered DOM on Advanced Mode (legacy generator); not individually clicked during this audit pass (time-boxed to the workflows and controls listed in FULL_UI_UX_AUDIT_REPORT.md).,NOT INDEPENDENTLY VERIFIED,—,—
Advanced Mode (legacy generator),🏭 Generate 20 to Portfolio,button,"Reachable, produces the labelled action, gives visible feedback",Enumerated live from the rendered DOM on Advanced Mode (legacy generator); not individually clicked during this audit pass (time-boxed to the workflows and controls listed in FULL_UI_UX_AUDIT_REPORT.md).,NOT INDEPENDENTLY VERIFIED,—,—
Advanced Mode (legacy generator),🚀 Production Mode (20 → ZIP พร้อมขาย),button,"Reachable, produces the labelled action, gives visible feedback",Enumerated live from the rendered DOM on Advanced Mode (legacy generator); not individually clicked during this audit pass (time-boxed to the workflows and controls listed in FULL_UI_UX_AUDIT_REPORT.md).,NOT INDEPENDENTLY VERIFIED,—,—
Advanced Mode (legacy generator),🏭 Generate Collection (ZIP),button,"Reachable, produces the labelled action, gives visible feedback",Enumerated live from the rendered DOM on Advanced Mode (legacy generator); not individually clicked during this audit pass (time-boxed to the workflows and controls listed in FULL_UI_UX_AUDIT_REPORT.md).,NOT INDEPENDENTLY VERIFIED,—,—
Advanced Mode (legacy generator),✨ Generate Best (Fast),button,"Reachable, produces the labelled action, gives visible feedback",Enumerated live from the rendered DOM on Advanced Mode (legacy generator); not individually clicked during this audit pass (time-boxed to the workflows and controls listed in FULL_UI_UX_AUDIT_REPORT.md).,NOT INDEPENDENTLY VERIFIED,—,—
Advanced Mode (legacy generator),🏆 Generate Best of 12,button,"Reachable, produces the labelled action, gives visible feedback",Enumerated live from the rendered DOM on Advanced Mode (legacy generator); not individually clicked during this audit pass (time-boxed to the workflows and controls listed in FULL_UI_UX_AUDIT_REPORT.md).,NOT INDEPENDENTLY VERIFIED,—,—
Advanced Mode (legacy generator),🎨 Colorway ทุกชุดสี → คลัง,button,"Reachable, produces the labelled action, gives visible feedback",Enumerated live from the rendered DOM on Advanced Mode (legacy generator); not individually clicked during this audit pass (time-boxed to the workflows and controls listed in FULL_UI_UX_AUDIT_REPORT.md).,NOT INDEPENDENTLY VERIFIED,—,—
Advanced Mode (legacy generator),"Export single tile (.svg, 3000px)",button,"Reachable, produces the labelled action, gives visible feedback",Enumerated live from the rendered DOM on Advanced Mode (legacy generator); not individually clicked during this audit pass (time-boxed to the workflows and controls listed in FULL_UI_UX_AUDIT_REPORT.md).,NOT INDEPENDENTLY VERIFIED,—,—
Advanced Mode (legacy generator),Export 3x3 tiled (.svg),button,"Reachable, produces the labelled action, gives visible feedback",Enumerated live from the rendered DOM on Advanced Mode (legacy generator); not individually clicked during this audit pass (time-boxed to the workflows and controls listed in FULL_UI_UX_AUDIT_REPORT.md).,NOT INDEPENDENTLY VERIFIED,—,—
Advanced Mode (legacy generator),"Export EPS (.eps, 3000px) — พร้อมส่งขาย",button,"Reachable, produces the labelled action, gives visible feedback",Enumerated live from the rendered DOM on Advanced Mode (legacy generator); not individually clicked during this audit pass (time-boxed to the workflows and controls listed in FULL_UI_UX_AUDIT_REPORT.md).,NOT INDEPENDENTLY VERIFIED,—,—
Advanced Mode (legacy generator),Export JPEG preview (5000px),button,"Reachable, produces the labelled action, gives visible feedback",Enumerated live from the rendered DOM on Advanced Mode (legacy generator); not individually clicked during this audit pass (time-boxed to the workflows and controls listed in FULL_UI_UX_AUDIT_REPORT.md).,NOT INDEPENDENTLY VERIFIED,—,—
Advanced Mode (legacy generator),Export JPEG 3×3 preview (3000px),button,"Reachable, produces the labelled action, gives visible feedback",Enumerated live from the rendered DOM on Advanced Mode (legacy generator); not individually clicked during this audit pass (time-boxed to the workflows and controls listed in FULL_UI_UX_AUDIT_REPORT.md).,NOT INDEPENDENTLY VERIFIED,—,—
Advanced Mode (legacy generator),↩ รีเซ็ตเป็นค่าเริ่มต้น,button,"Reachable, produces the labelled action, gives visible feedback",Enumerated live from the rendered DOM on Advanced Mode (legacy generator); not individually clicked during this audit pass (time-boxed to the workflows and controls listed in FULL_UI_UX_AUDIT_REPORT.md).,NOT INDEPENDENTLY VERIFIED,—,—
Advanced Mode (legacy generator),1. คัดลอก Prompt ไปถาม AI,button,"Reachable, produces the labelled action, gives visible feedback",Enumerated live from the rendered DOM on Advanced Mode (legacy generator); not individually clicked during this audit pass (time-boxed to the workflows and controls listed in FULL_UI_UX_AUDIT_REPORT.md).,NOT INDEPENDENTLY VERIFIED,—,—
Advanced Mode (legacy generator),3. สร้างลายจาก JSON,button,"Reachable, produces the labelled action, gives visible feedback",Enumerated live from the rendered DOM on Advanced Mode (legacy generator); not individually clicked during this audit pass (time-boxed to the workflows and controls listed in FULL_UI_UX_AUDIT_REPORT.md).,NOT INDEPENDENTLY VERIFIED,—,—
Advanced Mode (legacy generator),1×1 (ภาพเดี่ยว),button,"Reachable, produces the labelled action, gives visible feedback",Enumerated live from the rendered DOM on Advanced Mode (legacy generator); not individually clicked during this audit pass (time-boxed to the workflows and controls listed in FULL_UI_UX_AUDIT_REPORT.md).,NOT INDEPENDENTLY VERIFIED,—,—
Advanced Mode (legacy generator),2×2,button,"Reachable, produces the labelled action, gives visible feedback",Enumerated live from the rendered DOM on Advanced Mode (legacy generator); not individually clicked during this audit pass (time-boxed to the workflows and controls listed in FULL_UI_UX_AUDIT_REPORT.md).,NOT INDEPENDENTLY VERIFIED,—,—
Advanced Mode (legacy generator),3×3 (เช็ค seamless),button,"Reachable, produces the labelled action, gives visible feedback",Enumerated live from the rendered DOM on Advanced Mode (legacy generator); not individually clicked during this audit pass (time-boxed to the workflows and controls listed in FULL_UI_UX_AUDIT_REPORT.md).,NOT INDEPENDENTLY VERIFIED,—,—
Advanced Mode (legacy generator),4×4,button,"Reachable, produces the labelled action, gives visible feedback",Enumerated live from the rendered DOM on Advanced Mode (legacy generator); not individually clicked during this audit pass (time-boxed to the workflows and controls listed in FULL_UI_UX_AUDIT_REPORT.md).,NOT INDEPENDENTLY VERIFIED,—,—
Advanced Mode (legacy generator),100%,button,"Reachable, produces the labelled action, gives visible feedback",Enumerated live from the rendered DOM on Advanced Mode (legacy generator); not individually clicked during this audit pass (time-boxed to the workflows and controls listed in FULL_UI_UX_AUDIT_REPORT.md).,NOT INDEPENDENTLY VERIFIED,—,—
Advanced Mode (legacy generator),📦 Download Package,button,"Reachable, produces the labelled action, gives visible feedback",Enumerated live from the rendered DOM on Advanced Mode (legacy generator); not individually clicked during this audit pass (time-boxed to the workflows and controls listed in FULL_UI_UX_AUDIT_REPORT.md).,NOT INDEPENDENTLY VERIFIED,—,—
Advanced Mode (legacy generator),Shutterstock,button,"Reachable, produces the labelled action, gives visible feedback",Enumerated live from the rendered DOM on Advanced Mode (legacy generator); not individually clicked during this audit pass (time-boxed to the workflows and controls listed in FULL_UI_UX_AUDIT_REPORT.md).,NOT INDEPENDENTLY VERIFIED,—,—
Advanced Mode (legacy generator),Adobe Stock,button,"Reachable, produces the labelled action, gives visible feedback",Enumerated live from the rendered DOM on Advanced Mode (legacy generator); not individually clicked during this audit pass (time-boxed to the workflows and controls listed in FULL_UI_UX_AUDIT_REPORT.md).,NOT INDEPENDENTLY VERIFIED,—,—
Advanced Mode (legacy generator),Freepik,button,"Reachable, produces the labelled action, gives visible feedback",Enumerated live from the rendered DOM on Advanced Mode (legacy generator); not individually clicked during this audit pass (time-boxed to the workflows and controls listed in FULL_UI_UX_AUDIT_REPORT.md).,NOT INDEPENDENTLY VERIFIED,—,—
Advanced Mode (legacy generator),Creative Fabrica,button,"Reachable, produces the labelled action, gives visible feedback",Enumerated live from the rendered DOM on Advanced Mode (legacy generator); not individually clicked during this audit pass (time-boxed to the workflows and controls listed in FULL_UI_UX_AUDIT_REPORT.md).,NOT INDEPENDENTLY VERIFIED,—,—
Advanced Mode (legacy generator),Creative Market,button,"Reachable, produces the labelled action, gives visible feedback",Enumerated live from the rendered DOM on Advanced Mode (legacy generator); not individually clicked during this audit pass (time-boxed to the workflows and controls listed in FULL_UI_UX_AUDIT_REPORT.md).,NOT INDEPENDENTLY VERIFIED,—,—
Advanced Mode (legacy generator),Etsy 🔜,button,"Reachable, produces the labelled action, gives visible feedback",Enumerated live from the rendered DOM on Advanced Mode (legacy generator); not individually clicked during this audit pass (time-boxed to the workflows and controls listed in FULL_UI_UX_AUDIT_REPORT.md).,NOT INDEPENDENTLY VERIFIED,—,—
Advanced Mode (legacy generator),คัดลอก Title,button,"Reachable, produces the labelled action, gives visible feedback",Enumerated live from the rendered DOM on Advanced Mode (legacy generator); not individually clicked during this audit pass (time-boxed to the workflows and controls listed in FULL_UI_UX_AUDIT_REPORT.md).,NOT INDEPENDENTLY VERIFIED,—,—
Advanced Mode (legacy generator),คัดลอก Description,button,"Reachable, produces the labelled action, gives visible feedback",Enumerated live from the rendered DOM on Advanced Mode (legacy generator); not individually clicked during this audit pass (time-boxed to the workflows and controls listed in FULL_UI_UX_AUDIT_REPORT.md).,NOT INDEPENDENTLY VERIFIED,—,—
Advanced Mode (legacy generator),คัดลอก Keywords,button,"Reachable, produces the labelled action, gives visible feedback",Enumerated live from the rendered DOM on Advanced Mode (legacy generator); not individually clicked during this audit pass (time-boxed to the workflows and controls listed in FULL_UI_UX_AUDIT_REPORT.md).,NOT INDEPENDENTLY VERIFIED,—,—
Advanced Mode (legacy generator),คัดลอก Filename,button,"Reachable, produces the labelled action, gives visible feedback",Enumerated live from the rendered DOM on Advanced Mode (legacy generator); not individually clicked during this audit pass (time-boxed to the workflows and controls listed in FULL_UI_UX_AUDIT_REPORT.md).,NOT INDEPENDENTLY VERIFIED,—,—
Advanced Mode (legacy generator),📦 ดาวน์โหลด Export Package (Shutterstock),button,"Reachable, produces the labelled action, gives visible feedback",Enumerated live from the rendered DOM on Advanced Mode (legacy generator); not individually clicked during this audit pass (time-boxed to the workflows and controls listed in FULL_UI_UX_AUDIT_REPORT.md).,NOT INDEPENDENTLY VERIFIED,—,—
Advanced Mode (legacy generator),Etsy,button,"Reachable, produces the labelled action, gives visible feedback",Enumerated live from the rendered DOM on Advanced Mode (legacy generator); not individually clicked during this audit pass (time-boxed to the workflows and controls listed in FULL_UI_UX_AUDIT_REPORT.md).,NOT INDEPENDENTLY VERIFIED,—,—
Advanced Mode (legacy generator),คัดลอก Categories,button,"Reachable, produces the labelled action, gives visible feedback",Enumerated live from the rendered DOM on Advanced Mode (legacy generator); not individually clicked during this audit pass (time-boxed to the workflows and controls listed in FULL_UI_UX_AUDIT_REPORT.md).,NOT INDEPENDENTLY VERIFIED,—,—
Advanced Mode (legacy generator),💾 บันทึกเข้าคลัง + ดาวน์โหลดชุดไฟล์,button,"Reachable, produces the labelled action, gives visible feedback",Enumerated live from the rendered DOM on Advanced Mode (legacy generator); not individually clicked during this audit pass (time-boxed to the workflows and controls listed in FULL_UI_UX_AUDIT_REPORT.md).,NOT INDEPENDENTLY VERIFIED,—,—
Advanced Mode (legacy generator),📦 ย้ายทั้งคลังลงเครื่อง (ดาวน์โหลดแล้วล้างคลังอัตโนมัติ),button,"Reachable, produces the labelled action, gives visible feedback",Enumerated live from the rendered DOM on Advanced Mode (legacy generator); not individually clicked during this audit pass (time-boxed to the workflows and controls listed in FULL_UI_UX_AUDIT_REPORT.md).,NOT INDEPENDENTLY VERIFIED,—,—
Advanced Mode (legacy generator),📥 นำเข้า backup,button,"Reachable, produces the labelled action, gives visible feedback",Enumerated live from the rendered DOM on Advanced Mode (legacy generator); not individually clicked during this audit pass (time-boxed to the workflows and controls listed in FULL_UI_UX_AUDIT_REPORT.md).,NOT INDEPENDENTLY VERIFIED,—,—
Advanced Mode (legacy generator),📄 CSV Shutterstock,button,"Reachable, produces the labelled action, gives visible feedback",Enumerated live from the rendered DOM on Advanced Mode (legacy generator); not individually clicked during this audit pass (time-boxed to the workflows and controls listed in FULL_UI_UX_AUDIT_REPORT.md).,NOT INDEPENDENTLY VERIFIED,—,—
Advanced Mode (legacy generator),📄 CSV Adobe Stock,button,"Reachable, produces the labelled action, gives visible feedback",Enumerated live from the rendered DOM on Advanced Mode (legacy generator); not individually clicked during this audit pass (time-boxed to the workflows and controls listed in FULL_UI_UX_AUDIT_REPORT.md).,NOT INDEPENDENTLY VERIFIED,—,—
Advanced Mode (legacy generator),📖 คู่มือการใช้งาน,link,"Reachable, produces the labelled action, gives visible feedback",Enumerated live from the rendered DOM on Advanced Mode (legacy generator); not individually clicked during this audit pass (time-boxed to the workflows and controls listed in FULL_UI_UX_AUDIT_REPORT.md).,NOT INDEPENDENTLY VERIFIED,—,—
Advanced Mode (legacy generator),Shutterstock Contributor,link,"Reachable, produces the labelled action, gives visible feedback",Enumerated live from the rendered DOM on Advanced Mode (legacy generator); not individually clicked during this audit pass (time-boxed to the workflows and controls listed in FULL_UI_UX_AUDIT_REPORT.md).,NOT INDEPENDENTLY VERIFIED,—,—
Advanced Mode (legacy generator),Adobe Stock Contributor,link,"Reachable, produces the labelled action, gives visible feedback",Enumerated live from the rendered DOM on Advanced Mode (legacy generator); not individually clicked during this audit pass (time-boxed to the workflows and controls listed in FULL_UI_UX_AUDIT_REPORT.md).,NOT INDEPENDENTLY VERIFIED,—,—
Advanced Mode (legacy generator),Freepik Contributor ⚠️,link,"Reachable, produces the labelled action, gives visible feedback",Enumerated live from the rendered DOM on Advanced Mode (legacy generator); not individually clicked during this audit pass (time-boxed to the workflows and controls listed in FULL_UI_UX_AUDIT_REPORT.md).,NOT INDEPENDENTLY VERIFIED,—,—
Advanced Mode (legacy generator),Creative Fabrica Contributor ⚠️,link,"Reachable, produces the labelled action, gives visible feedback",Enumerated live from the rendered DOM on Advanced Mode (legacy generator); not individually clicked during this audit pass (time-boxed to the workflows and controls listed in FULL_UI_UX_AUDIT_REPORT.md).,NOT INDEPENDENTLY VERIFIED,—,—
Advanced Mode (legacy generator),Creative Market Contributor ⚠️,link,"Reachable, produces the labelled action, gives visible feedback",Enumerated live from the rendered DOM on Advanced Mode (legacy generator); not individually clicked during this audit pass (time-boxed to the workflows and controls listed in FULL_UI_UX_AUDIT_REPORT.md).,NOT INDEPENDENTLY VERIFIED,—,—
Advanced Mode (legacy generator),Etsy Contributor ⚠️,link,"Reachable, produces the labelled action, gives visible feedback",Enumerated live from the rendered DOM on Advanced Mode (legacy generator); not individually clicked during this audit pass (time-boxed to the workflows and controls listed in FULL_UI_UX_AUDIT_REPORT.md).,NOT INDEPENDENTLY VERIFIED,—,—
Advanced Mode (legacy generator),🔗 Contributor Portal,link,"Reachable, produces the labelled action, gives visible feedback",Enumerated live from the rendered DOM on Advanced Mode (legacy generator); not individually clicked during this audit pass (time-boxed to the workflows and controls listed in FULL_UI_UX_AUDIT_REPORT.md).,NOT INDEPENDENTLY VERIFIED,—,—
Advanced Mode (legacy generator),🔗 Submission,link,"Reachable, produces the labelled action, gives visible feedback",Enumerated live from the rendered DOM on Advanced Mode (legacy generator); not individually clicked during this audit pass (time-boxed to the workflows and controls listed in FULL_UI_UX_AUDIT_REPORT.md).,NOT INDEPENDENTLY VERIFIED,—,—
Advanced Mode (legacy generator),🔗 Analytics ⚠️,link,"Reachable, produces the labelled action, gives visible feedback",Enumerated live from the rendered DOM on Advanced Mode (legacy generator); not individually clicked during this audit pass (time-boxed to the workflows and controls listed in FULL_UI_UX_AUDIT_REPORT.md).,NOT INDEPENDENTLY VERIFIED,—,—
Advanced Mode (legacy generator),🔗 Help ⚠️,link,"Reachable, produces the labelled action, gives visible feedback",Enumerated live from the rendered DOM on Advanced Mode (legacy generator); not individually clicked during this audit pass (time-boxed to the workflows and controls listed in FULL_UI_UX_AUDIT_REPORT.md).,NOT INDEPENDENTLY VERIFIED,—,—
Advanced Mode (legacy generator),🔗 Guidelines ⚠️,link,"Reachable, produces the labelled action, gives visible feedback",Enumerated live from the rendered DOM on Advanced Mode (legacy generator); not individually clicked during this audit pass (time-boxed to the workflows and controls listed in FULL_UI_UX_AUDIT_REPORT.md).,NOT INDEPENDENTLY VERIFIED,—,—
Advanced Mode (legacy generator),🔗 Support ⚠️,link,"Reachable, produces the labelled action, gives visible feedback",Enumerated live from the rendered DOM on Advanced Mode (legacy generator); not individually clicked during this audit pass (time-boxed to the workflows and controls listed in FULL_UI_UX_AUDIT_REPORT.md).,NOT INDEPENDENTLY VERIFIED,—,—
Advanced Mode (legacy generator),🔗 Contributor Portal ⚠️,link,"Reachable, produces the labelled action, gives visible feedback",Enumerated live from the rendered DOM on Advanced Mode (legacy generator); not individually clicked during this audit pass (time-boxed to the workflows and controls listed in FULL_UI_UX_AUDIT_REPORT.md).,NOT INDEPENDENTLY VERIFIED,—,—
Advanced Mode (legacy generator),🔗 Submission ⚠️,link,"Reachable, produces the labelled action, gives visible feedback",Enumerated live from the rendered DOM on Advanced Mode (legacy generator); not individually clicked during this audit pass (time-boxed to the workflows and controls listed in FULL_UI_UX_AUDIT_REPORT.md).,NOT INDEPENDENTLY VERIFIED,—,—
Advanced Mode (legacy generator),Shutterstock,tab,"Reachable, produces the labelled action, gives visible feedback",Enumerated live from the rendered DOM on Advanced Mode (legacy generator); not individually clicked during this audit pass (time-boxed to the workflows and controls listed in FULL_UI_UX_AUDIT_REPORT.md).,NOT INDEPENDENTLY VERIFIED,—,—
Advanced Mode (legacy generator),Adobe Stock,tab,"Reachable, produces the labelled action, gives visible feedback",Enumerated live from the rendered DOM on Advanced Mode (legacy generator); not individually clicked during this audit pass (time-boxed to the workflows and controls listed in FULL_UI_UX_AUDIT_REPORT.md).,NOT INDEPENDENTLY VERIFIED,—,—
Advanced Mode (legacy generator),Freepik,tab,"Reachable, produces the labelled action, gives visible feedback",Enumerated live from the rendered DOM on Advanced Mode (legacy generator); not individually clicked during this audit pass (time-boxed to the workflows and controls listed in FULL_UI_UX_AUDIT_REPORT.md).,NOT INDEPENDENTLY VERIFIED,—,—
Advanced Mode (legacy generator),Creative Fabrica,tab,"Reachable, produces the labelled action, gives visible feedback",Enumerated live from the rendered DOM on Advanced Mode (legacy generator); not individually clicked during this audit pass (time-boxed to the workflows and controls listed in FULL_UI_UX_AUDIT_REPORT.md).,NOT INDEPENDENTLY VERIFIED,—,—
Advanced Mode (legacy generator),Creative Market,tab,"Reachable, produces the labelled action, gives visible feedback",Enumerated live from the rendered DOM on Advanced Mode (legacy generator); not individually clicked during this audit pass (time-boxed to the workflows and controls listed in FULL_UI_UX_AUDIT_REPORT.md).,NOT INDEPENDENTLY VERIFIED,—,—
Advanced Mode (legacy generator),Etsy,tab,"Reachable, produces the labelled action, gives visible feedback",Enumerated live from the rendered DOM on Advanced Mode (legacy generator); not individually clicked during this audit pass (time-boxed to the workflows and controls listed in FULL_UI_UX_AUDIT_REPORT.md).,NOT INDEPENDENTLY VERIFIED,—,—
Advanced Mode (legacy generator),🧬 ทำสำเนา,button (disabled),Disabled state should be explained (title/aria-label) or the reason should be visible nearby,"No title/aria-label found on sampled disabled controls during accessibility pass — reason for disablement is usually only inferable from surrounding text, not from the control itself.",MISSING FEEDBACK,P3,Add title/aria-label explaining why the control is disabled.
Advanced Mode (legacy generator),☆ ตั้งเป็นโปรด,button (disabled),Disabled state should be explained (title/aria-label) or the reason should be visible nearby,"No title/aria-label found on sampled disabled controls during accessibility pass — reason for disablement is usually only inferable from surrounding text, not from the control itself.",MISSING FEEDBACK,P3,Add title/aria-label explaining why the control is disabled.
Advanced Mode (legacy generator),✏️ เปลี่ยนชื่อ,button (disabled),Disabled state should be explained (title/aria-label) or the reason should be visible nearby,"No title/aria-label found on sampled disabled controls during accessibility pass — reason for disablement is usually only inferable from surrounding text, not from the control itself.",MISSING FEEDBACK,P3,Add title/aria-label explaining why the control is disabled.
Advanced Mode (legacy generator),🗑 ลบ,button (disabled),Disabled state should be explained (title/aria-label) or the reason should be visible nearby,"No title/aria-label found on sampled disabled controls during accessibility pass — reason for disablement is usually only inferable from surrounding text, not from the control itself.",MISSING FEEDBACK,P3,Add title/aria-label explaining why the control is disabled.
Advanced Mode (legacy generator),📤 Export JSON,button (disabled),Disabled state should be explained (title/aria-label) or the reason should be visible nearby,"No title/aria-label found on sampled disabled controls during accessibility pass — reason for disablement is usually only inferable from surrounding text, not from the control itself.",MISSING FEEDBACK,P3,Add title/aria-label explaining why the control is disabled.
Advanced Mode (legacy generator),↺ Reset to Style,button (disabled),Disabled state should be explained (title/aria-label) or the reason should be visible nearby,"No title/aria-label found on sampled disabled controls during accessibility pass — reason for disablement is usually only inferable from surrounding text, not from the control itself.",MISSING FEEDBACK,P3,Add title/aria-label explaining why the control is disabled.
Advanced Mode (legacy generator),3. สร้างลายจาก JSON,button (disabled),Disabled state should be explained (title/aria-label) or the reason should be visible nearby,"No title/aria-label found on sampled disabled controls during accessibility pass — reason for disablement is usually only inferable from surrounding text, not from the control itself.",MISSING FEEDBACK,P3,Add title/aria-label explaining why the control is disabled.
Advanced Mode (legacy generator),100%,button (disabled),Disabled state should be explained (title/aria-label) or the reason should be visible nearby,"No title/aria-label found on sampled disabled controls during accessibility pass — reason for disablement is usually only inferable from surrounding text, not from the control itself.",MISSING FEEDBACK,P3,Add title/aria-label explaining why the control is disabled.
Advanced Mode (legacy generator),📦 ย้ายทั้งคลังลงเครื่อง (ดาวน์โหลดแล้วล้างคลังอัตโนมัติ),button (disabled),Disabled state should be explained (title/aria-label) or the reason should be visible nearby,"No title/aria-label found on sampled disabled controls during accessibility pass — reason for disablement is usually only inferable from surrounding text, not from the control itself.",MISSING FEEDBACK,P3,Add title/aria-label explaining why the control is disabled.
Advanced Mode (legacy generator),📄 CSV Shutterstock,button (disabled),Disabled state should be explained (title/aria-label) or the reason should be visible nearby,"No title/aria-label found on sampled disabled controls during accessibility pass — reason for disablement is usually only inferable from surrounding text, not from the control itself.",MISSING FEEDBACK,P3,Add title/aria-label explaining why the control is disabled.
Advanced Mode (legacy generator),📄 CSV Adobe Stock,button (disabled),Disabled state should be explained (title/aria-label) or the reason should be visible nearby,"No title/aria-label found on sampled disabled controls during accessibility pass — reason for disablement is usually only inferable from surrounding text, not from the control itself.",MISSING FEEDBACK,P3,Add title/aria-label explaining why the control is disabled.
